{
  "document_id": "95ffcfcba5fabfbf",
  "document_title": "La Divina Commedia",
  "segment_id": null,
  "computed_at": "2026-04-12T14:56:25.136237",
  "word_count": 97827,
  "readability": {
    "flesch_reading_ease": 80.14588191584026,
    "flesch_kincaid_grade": 14.993063294100377,
    "gunning_fog": 17.40694175603402,
    "coleman_liau": 7.176573770491807,
    "ari": 12.924009226479079,
    "smog": 15.151589356043214
  },
  "sentences": {
    "count": 4596,
    "mean_length": 26.69,
    "median_length": 23.0,
    "stdev_length": 21.24,
    "skewness": 1.89,
    "min_length": 0,
    "max_length": 196,
    "length_distribution": [
      367,
      531,
      502,
      418,
      747,
      713,
      242,
      131,
      128,
      221,
      182,
      115,
      39,
      45,
      49,
      34,
      31,
      15,
      12,
      18,
      15,
      9,
      3,
      5,
      7,
      5,
      0,
      3,
      2,
      1,
      2,
      0,
      0,
      1,
      2,
      0,
      0,
      0,
      0,
      1,
      0
    ]
  },
  "vocabulary": {
    "total_tokens": 102027,
    "unique_types": 12933,
    "ttr": 0.1268,
    "hapax_legomena": 7400,
    "hapax_ratio": 0.5722,
    "yules_k": 66.59,
    "honores_r": 2695.76
  },
  "function_words": {
    "frequencies": {
      "e": 33.23,
      "che": 30.14,
      "la": 19.27,
      "a": 16.72,
      "di": 15.39,
      "non": 11.88,
      "per": 11.31,
      "in": 9.03,
      "si": 8.5,
      "le": 6.56,
      "è": 6.36,
      "il": 5.4,
      "più": 5.39,
      "con": 5.26,
      "come": 5.26,
      "da": 5.24,
      "lo": 4.83,
      "i": 4.66,
      "del": 4.64,
      "se": 4.53,
      "al": 4.48,
      "ma": 4.14,
      "un": 3.74,
      "o": 2.58,
      "nel": 2.53,
      "suo": 2.39,
      "era": 2.38,
      "quando": 2.26,
      "già": 2.16,
      "una": 1.61
    },
    "top_n": 30
  },
  "pos": {
    "tag_distribution": {
      "NOUN": 0.1591,
      "PUNCT": 0.1514,
      "VERB": 0.1079,
      "PRON": 0.104,
      "DET": 0.1032,
      "ADP": 0.1028,
      "ADV": 0.0712,
      "ADJ": 0.0609,
      "CCONJ": 0.0424,
      "PROPN": 0.0381,
      "SCONJ": 0.0255,
      "AUX": 0.0232,
      "NUM": 0.0036,
      "X": 0.0033,
      "INTJ": 0.0027,
      "SPACE": 0.0004,
      "SYM": 0.0002,
      "PART": 0.0
    },
    "adjective_noun_ratio": 0.3088,
    "adverb_density": 7.12,
    "verb_density": 13.12
  },
  "ngrams": {
    "word_bigrams": {
      "de la": 281,
      "che l": 245,
      "ch’ io": 229,
      "a la": 206,
      "e l": 198,
      "li occhi": 195,
      "sì che": 187,
      "de l’": 171,
      "e io": 159,
      "a me": 153,
      "che la": 141,
      "che non": 138,
      "ch’ i": 136,
      "e l’": 134,
      "che l’": 130,
      "a l’": 124,
      "che tu": 124,
      "l’ altro": 121,
      "per lo": 119,
      "per la": 117,
      "ch’ a": 113,
      "che si": 107,
      "la sua": 106,
      "non si": 103,
      "ne la": 100,
      "e di": 92,
      "che di": 90,
      "la mia": 89,
      "e non": 89,
      "ne l’": 88,
      "sì come": 83,
      "e come": 82,
      "quel che": 82,
      "ch’ è": 79,
      "che per": 77,
      "a lui": 77,
      "colui che": 76,
      "l’ altra": 76,
      "li altri": 75,
      "e con": 75,
      "se tu": 75,
      "da l’": 74,
      "d’ i": 73,
      "ciò che": 73,
      "d’ un": 73,
      "e la": 72,
      "in su": 72,
      "de le": 68,
      "l’ un": 68,
      "la mente": 66
    },
    "word_trigrams": {
      "elli a me": 44,
      "ed elli a": 42,
      "e l’ altro": 37,
      "in su la": 37,
      "per ch’ io": 33,
      "li occhi miei": 29,
      "a li occhi": 28,
      "io a lui": 25,
      "e io a": 24,
      "e l’ altra": 21,
      "con li occhi": 20,
      "sì ch’ io": 20,
      "de la sua": 18,
      "a la sua": 17,
      "ch’ i non": 17,
      "ch’ a la": 16,
      "li occhi a": 15,
      "che non si": 15,
      "di quel che": 15,
      "da l’ altra": 15,
      "ch’ io mi": 15,
      "d’ ogne parte": 15,
      "l’ uno e": 14,
      "sì che l": 14,
      "che ne la": 14,
      "de li altri": 14,
      "sì che la": 14,
      "e de la": 13,
      "ciò ch’ io": 13,
      "disse l maestro": 13,
      "l duca mio": 13,
      "ne li occhi": 12,
      "la mia donna": 12,
      "li occhi e": 12,
      "su per lo": 12,
      "a guisa di": 12,
      "ch’ io non": 11,
      "quinci e quindi": 11,
      "che l mondo": 11,
      "ch’ io vidi": 11,
      "la gente che": 11,
      "quel ch’ i": 11,
      "di quel ch’": 11,
      "per l’ aere": 11,
      "a l’ altro": 11,
      "in su l’": 11,
      "quel ch’ io": 10,
      "che l ciel": 10,
      "più di mille": 10,
      "già mai non": 10
    },
    "char_trigrams": {
      " ch": 5326,
      " e ": 3994,
      " di": 3963,
      " co": 3909,
      "che": 3871,
      "he ": 3642,
      "la ": 2984,
      " qu": 2938,
      "on ": 2749,
      "to ": 2719,
      " la": 2706,
      " pe": 2409,
      "di ": 2395,
      "er ": 2372,
      "e l": 2367,
      "per": 2366,
      " no": 2251,
      "o, ": 2194,
      "a, ": 2059,
      "io ": 2008,
      "e, ": 1880,
      " a ": 1836,
      "e s": 1830,
      "a c": 1809,
      " in": 1804,
      "te ": 1762,
      "ra ": 1756,
      ", c": 1719,
      " l’": 1713,
      "a l": 1713,
      "e c": 1686,
      " mi": 1652,
      " de": 1648,
      "que": 1643,
      "si ": 1633,
      "ent": 1542,
      " se": 1538,
      "el ": 1513,
      "e d": 1499,
      "i c": 1495,
      "o a": 1490,
      "e p": 1490,
      "non": 1488,
      " ma": 1488,
      "con": 1478,
      "a s": 1449,
      "ta ": 1434,
      " ve": 1432,
      "i s": 1431,
      "ia ": 1429
    }
  },
  "punctuation": {
    "comma": 87.03,
    "period": 33.51,
    "semicolon": 16.64,
    "colon": 10.1,
    "dash": 0.0,
    "exclamation": 2.37,
    "question": 2.84,
    "ellipsis": 0.0,
    "parenthesis": 0.06,
    "quotation": 1.07
  },
  "contractions": {
    "total": 0,
    "rate_per_1000": 0.0,
    "top_contractions": {}
  },
  "sentence_openers": {
    "top_words": {
      "«": 640,
      "e": 582,
      "ma": 205,
      "io": 123,
      "non": 92,
      "ed": 85,
      "poi": 76,
      "la": 70,
      "lo": 67,
      "ond": 64,
      "ché": 63,
      "sì": 59,
      "per": 57,
      "l’": 56,
      "così": 51,
      "or": 49,
      "se": 48,
      "di": 47,
      "come": 42,
      "onde": 39
    },
    "pos_distribution": {
      "CCONJ": 0.1902,
      "PROPN": 0.1679,
      "PUNCT": 0.165,
      "ADV": 0.1083,
      "PRON": 0.0983,
      "DET": 0.0672,
      "ADP": 0.0594,
      "SCONJ": 0.0477,
      "NOUN": 0.0389,
      "VERB": 0.0208,
      "INTJ": 0.0146,
      "ADJ": 0.008,
      "AUX": 0.0064,
      "X": 0.0049,
      "NUM": 0.0024
    },
    "conjunction_start_rate": 19.0
  },
  "paragraphs": {
    "count": 4873,
    "mean_length": 20.0,
    "median_length": 20.0,
    "one_sentence_ratio": 0.727,
    "top_openers": {
      "e": 630,
      "ma": 202,
      "così": 120,
      "io": 118,
      "non": 113,
      "la": 94,
      "per": 84,
      "poi": 81,
      "lo": 75,
      "ed": 72,
      "come": 71,
      "sì": 71,
      "di": 64,
      "che": 64,
      "quando": 60
    }
  },
  "dialogue": {
    "quoted_word_ratio": 0.461,
    "narration_word_ratio": 0.539,
    "top_attribution_verbs": {
      "dire": 161,
      "ellare": 96,
      "•": 55,
      "cominciare": 28,
      "fare": 25,
      "avere": 19,
      "duca": 18,
      "Diss": 18,
      "andare": 14,
      "vedere": 14,
      "rispuodere": 14,
      "essere": 10,
      "veggiare": 9,
      "parlare": 8,
      "pensare": 8
    }
  },
  "syntax": {
    "mean_tree_depth": 4.4,
    "median_tree_depth": 4.0,
    "stdev_tree_depth": 1.98,
    "tense_distribution": {
      "Pres": 0.493,
      "Past": 0.248,
      "None": 0.159,
      "Imp": 0.072,
      "Fut": 0.028
    },
    "sentence_type_mix": {
      "declarative": 0.964,
      "exclamatory": 0.012,
      "interrogative": 0.024
    }
  }
}