{
  "document_id": "4e04ea77acf3b021",
  "document_title": "Alice's Adventures in Wonderland",
  "segment_id": null,
  "computed_at": "2026-04-12T14:49:04.024789",
  "word_count": 26525,
  "readability": {
    "flesch_reading_ease": 79.9186806430226,
    "flesch_kincaid_grade": 6.460585922857085,
    "gunning_fog": 8.332892749433464,
    "coleman_liau": 6.292945399584358,
    "ari": 8.026653627654852,
    "smog": 8.195039133621282
  },
  "sentences": {
    "count": 1361,
    "mean_length": 25.83,
    "median_length": 20.0,
    "stdev_length": 21.4,
    "skewness": 2.26,
    "min_length": 1,
    "max_length": 204,
    "length_distribution": [
      64,
      211,
      227,
      155,
      155,
      121,
      82,
      82,
      59,
      52,
      32,
      25,
      21,
      20,
      14,
      9,
      3,
      7,
      3,
      6,
      0,
      1,
      1,
      1,
      4,
      2,
      0,
      1,
      1,
      0,
      0,
      0,
      0,
      0,
      0,
      0,
      0,
      1,
      0,
      0,
      1,
      0
    ]
  },
  "vocabulary": {
    "total_tokens": 27380,
    "unique_types": 2607,
    "ttr": 0.0952,
    "hapax_legomena": 1145,
    "hapax_ratio": 0.4392,
    "yules_k": 102.29,
    "honores_r": 1821.97
  },
  "function_words": {
    "frequencies": {
      "the": 46.93,
      "and": 24.8,
      "to": 20.74,
      "a": 18.12,
      "it": 16.84,
      "she": 15.67,
      "i": 15.33,
      "of": 14.65,
      "said": 13.14,
      "you": 11.63,
      "in": 10.52,
      "was": 10.47,
      "that": 8.9,
      "as": 7.48,
      "her": 7.05,
      "at": 6.03,
      "on": 5.49,
      "had": 5.29,
      "with": 5.15,
      "all": 5.15,
      "but": 4.78,
      "for": 4.35,
      "they": 4.32,
      "so": 4.32,
      "be": 4.15,
      "not": 4.15,
      "very": 4.1,
      "what": 4.01,
      "do": 3.98,
      "this": 3.81
    },
    "top_n": 30
  },
  "pos": {
    "tag_distribution": {
      "PUNCT": 0.2107,
      "VERB": 0.128,
      "PRON": 0.1208,
      "NOUN": 0.1016,
      "ADP": 0.0784,
      "DET": 0.0784,
      "ADV": 0.059,
      "AUX": 0.0509,
      "PROPN": 0.0433,
      "ADJ": 0.0408,
      "CCONJ": 0.0321,
      "PART": 0.0227,
      "SCONJ": 0.0225,
      "NUM": 0.0065,
      "INTJ": 0.004,
      "X": 0.0003
    },
    "adjective_noun_ratio": 0.2813,
    "adverb_density": 5.9,
    "verb_density": 17.89
  },
  "ngrams": {
    "word_bigrams": {
      "said the": 210,
      "of the": 133,
      "said alice": 115,
      "in a": 98,
      "and the": 82,
      "in the": 80,
      "it was": 78,
      "the queen": 73,
      "to the": 69,
      "the king": 62,
      "as she": 61,
      "a little": 60,
      "she had": 60,
      "at the": 60,
      "do n’t": 60,
      "mock turtle": 57,
      "i ’m": 57,
      "she was": 56,
      "it ’s": 56,
      "and she": 55,
      "the mock": 54,
      "the gryphon": 53,
      "the hatter": 52,
      "to be": 51,
      "went on": 48,
      "to herself": 45,
      "you know": 45,
      "the duchess": 41,
      "out of": 40,
      "i do": 40,
      "said to": 39,
      "there was": 35,
      "that she": 35,
      "she said": 35,
      "with the": 35,
      "the dormouse": 35,
      "on the": 34,
      "i ’ve": 34,
      "that ’s": 34,
      "she could": 33,
      "and then": 32,
      "was a": 31,
      "i ’ll": 31,
      "march hare": 31,
      "the other": 30,
      "the march": 30,
      "so she": 29,
      "she went": 29,
      "to her": 28,
      "did not": 28
    },
    "word_trigrams": {
      "the mock turtle": 54,
      "i do n’t": 31,
      "the march hare": 30,
      "said the king": 29,
      "the white rabbit": 21,
      "said the hatter": 21,
      "said to herself": 19,
      "said the mock": 19,
      "said the caterpillar": 18,
      "as she could": 17,
      "she went on": 17,
      "she said to": 17,
      "said the gryphon": 17,
      "one of the": 15,
      "i ca n’t": 15,
      "said the duchess": 15,
      "out of the": 14,
      "said the cat": 14,
      "minute or two": 12,
      "it said the": 12,
      "said the queen": 12,
      "there was a": 11,
      "you wo n’t": 11,
      "a minute or": 11,
      "wo n’t you": 11,
      "said to the": 11,
      "she did not": 10,
      "there ’s no": 10,
      "do n’t know": 10,
      "the king and": 10,
      "as well as": 9,
      "that she was": 9,
      "seemed to be": 9,
      "said alice i": 9,
      "in a low": 9,
      "i ’m not": 9,
      "that ’s the": 9,
      "it ’s a": 9,
      "alice in a": 9,
      "the end of": 9,
      "alice did not": 9,
      "join the dance": 9,
      "the queen ’s": 8,
      "at any rate": 8,
      "she could not": 8,
      "that it was": 8,
      "said the mouse": 8,
      "i did n’t": 8,
      "in a very": 8,
      "said the march": 8
    },
    "char_trigrams": {
      " th": 2797,
      "the": 2313,
      "he ": 2296,
      "nd ": 1023,
      " an": 984,
      "ing": 983,
      "and": 953,
      " to": 857,
      "ng ": 806,
      "to ": 780,
      "d t": 778,
      "ed ": 715,
      " sh": 703,
      "er ": 679,
      "at ": 668,
      "her": 667,
      " he": 646,
      " al": 624,
      " a ": 619,
      " sa": 611,
      "as ": 598,
      " it": 597,
      " of": 585,
      "she": 582,
      ", a": 578,
      "e t": 528,
      "hat": 523,
      " wa": 516,
      " ha": 515,
      "of ": 513,
      " in": 501,
      "id ": 500,
      "you": 497,
      "ice": 492,
      "aid": 477,
      " be": 466,
      "sai": 462,
      "it ": 453,
      "e w": 442,
      "t t": 439,
      ". “": 430,
      " yo": 418,
      "” s": 417,
      "e, ": 416,
      "in ": 415,
      "e s": 414,
      "ll ": 413,
      "ut ": 408,
      "ali": 405,
      ",” ": 403
    }
  },
  "punctuation": {
    "comma": 91.5,
    "period": 37.66,
    "semicolon": 7.28,
    "colon": 8.78,
    "dash": 0.0,
    "exclamation": 17.0,
    "question": 7.69,
    "ellipsis": 0.0,
    "parenthesis": 4.22,
    "quotation": 84.11
  },
  "contractions": {
    "total": 0,
    "rate_per_1000": 0.0,
    "top_contractions": {}
  },
  "sentence_openers": {
    "top_words": {
      "“": 555,
      "the": 107,
      "alice": 81,
      "i": 55,
      "and": 49,
      "she": 48,
      "so": 24,
      "it": 24,
      "there": 19,
      "(": 19,
      "he": 19,
      "but": 16,
      "this": 15,
      "however": 13,
      "oh": 12,
      "they": 11,
      "as": 10,
      "do": 9,
      "you": 9,
      "then": 8
    },
    "pos_distribution": {
      "PUNCT": 0.4306,
      "PRON": 0.1594,
      "DET": 0.0977,
      "PROPN": 0.0786,
      "ADV": 0.0654,
      "CCONJ": 0.0507,
      "VERB": 0.0287,
      "SCONJ": 0.025,
      "ADP": 0.022,
      "INTJ": 0.0169,
      "AUX": 0.014,
      "NOUN": 0.0051,
      "ADJ": 0.0022,
      "NUM": 0.0022,
      "X": 0.0015
    },
    "conjunction_start_rate": 5.1
  },
  "paragraphs": {
    "count": 809,
    "mean_length": 32.8,
    "median_length": 21.0,
    "one_sentence_ratio": 0.536,
    "top_openers": {
      "“i": 59,
      "the": 58,
      "alice": 47,
      "“you": 26,
      "“what": 19,
      "“it": 18,
      "“well,": 17,
      "“oh,": 14,
      "chapter": 13,
      "“and": 12,
      "“how": 11,
      "this": 11,
      "“but": 11,
      "so": 10,
      "“i’m": 10
    }
  },
  "dialogue": {
    "quoted_word_ratio": 0.506,
    "narration_word_ratio": 0.494,
    "top_attribution_verbs": {
      "say": 685,
      "think": 108,
      "’": 87,
      "do": 72,
      "go": 70,
      "know": 66,
      "reply": 43,
      "begin": 39,
      "have": 37,
      "’m": 35,
      "see": 30,
      "get": 27,
      "come": 27,
      "tell": 26,
      "cry": 26
    }
  },
  "syntax": {
    "mean_tree_depth": 4.6,
    "median_tree_depth": 4.0,
    "stdev_tree_depth": 2.32,
    "tense_distribution": {
      "Past": 0.453,
      "None": 0.298,
      "Pres": 0.249
    },
    "sentence_type_mix": {
      "declarative": 0.873,
      "interrogative": 0.023,
      "exclamatory": 0.104
    }
  }
}