{
  "document_id": "ce5b10ab3756b36d",
  "document_title": "Treasure Island",
  "segment_id": null,
  "computed_at": "2026-04-12T14:50:01.295265",
  "word_count": 68637,
  "readability": {
    "flesch_reading_ease": 80.04115818239953,
    "flesch_kincaid_grade": 6.7712129263474985,
    "gunning_fog": 8.924632538007712,
    "coleman_liau": 6.079989453485478,
    "ari": 8.078717352083494,
    "smog": 8.346256295316458
  },
  "sentences": {
    "count": 3521,
    "mean_length": 24.16,
    "median_length": 20.0,
    "stdev_length": 16.67,
    "skewness": 1.42,
    "min_length": 1,
    "max_length": 137,
    "length_distribution": [
      151,
      477,
      554,
      517,
      413,
      331,
      272,
      241,
      160,
      121,
      88,
      60,
      53,
      23,
      17,
      18,
      5,
      4,
      4,
      2,
      1,
      1,
      4,
      2,
      0,
      1,
      0,
      1,
      0
    ]
  },
  "vocabulary": {
    "total_tokens": 70357,
    "unique_types": 6006,
    "ttr": 0.0854,
    "hapax_legomena": 2878,
    "hapax_ratio": 0.4792,
    "yules_k": 106.53,
    "honores_r": 2143.06
  },
  "function_words": {
    "frequencies": {
      "the": 51.86,
      "and": 33.94,
      "i": 22.86,
      "a": 20.6,
      "of": 19.81,
      "to": 17.91,
      "was": 13.43,
      "in": 11.45,
      "you": 11.42,
      "he": 10.98,
      "that": 10.77,
      "it": 9.15,
      "had": 8.71,
      "his": 7.67,
      "as": 7.32,
      "my": 7.32,
      "with": 7.27,
      "for": 6.92,
      "on": 5.98,
      "we": 5.61,
      "but": 5.53,
      "me": 5.06,
      "at": 4.94,
      "all": 4.24,
      "not": 4.13,
      "said": 3.8,
      "were": 3.7,
      "this": 3.66,
      "by": 3.64,
      "him": 3.42
    },
    "top_n": 30
  },
  "pos": {
    "tag_distribution": {
      "PUNCT": 0.1728,
      "NOUN": 0.1446,
      "PRON": 0.1198,
      "VERB": 0.1126,
      "ADP": 0.093,
      "DET": 0.0854,
      "ADV": 0.0502,
      "AUX": 0.0498,
      "ADJ": 0.048,
      "CCONJ": 0.0427,
      "PROPN": 0.0282,
      "SCONJ": 0.022,
      "PART": 0.0188,
      "NUM": 0.0092,
      "INTJ": 0.003,
      "X": 0.0
    },
    "adjective_noun_ratio": 0.2778,
    "adverb_density": 5.02,
    "verb_density": 16.24
  },
  "ngrams": {
    "word_bigrams": {
      "of the": 509,
      "in the": 284,
      "and the": 236,
      "it was": 212,
      "and i": 203,
      "on the": 185,
      "i was": 173,
      "the captain": 173,
      "to the": 161,
      "i had": 158,
      "at the": 123,
      "the doctor": 122,
      "with a": 120,
      "in a": 120,
      "he was": 110,
      "with the": 107,
      "he had": 106,
      "i ’ll": 103,
      "that i": 103,
      "i could": 101,
      "by the": 101,
      "was a": 99,
      "and a": 96,
      "for the": 95,
      "to be": 93,
      "do n’t": 85,
      "of a": 85,
      "from the": 84,
      "like a": 83,
      "said the": 81,
      "that ’s": 80,
      "as i": 80,
      "out of": 79,
      "the squire": 78,
      "had been": 73,
      "upon the": 71,
      "began to": 71,
      "was the": 71,
      "and then": 70,
      "of his": 69,
      "into the": 68,
      "there was": 68,
      "and you": 67,
      "it ’s": 65,
      "in his": 63,
      "and he": 62,
      "for a": 61,
      "we had": 61,
      "you ’ll": 59,
      "one of": 59
    },
    "word_trigrams": {
      "i do n’t": 39,
      "out of the": 33,
      "one of the": 29,
      "i began to": 27,
      "said the captain": 26,
      "you may lay": 25,
      "may lay to": 25,
      "it was a": 25,
      "of the island": 24,
      "at the same": 23,
      "i could see": 22,
      "to be sure": 22,
      "the spy glass": 20,
      "and i ’ll": 20,
      "as soon as": 20,
      "said the doctor": 20,
      "the captain ’s": 20,
      "lay to that": 19,
      "i could not": 19,
      "that i had": 19,
      "side of the": 18,
      "in the meantime": 18,
      "and you may": 17,
      "by this time": 17,
      "and it was": 16,
      "and you ’ll": 16,
      "as i was": 16,
      "there was a": 16,
      "you do n’t": 15,
      "the admiral benbow": 15,
      "pieces of eight": 14,
      "the block house": 14,
      "and we ’ll": 14,
      "there was no": 14,
      "the doctor and": 14,
      "the blind man": 14,
      "the squire and": 14,
      "it was the": 13,
      "to and fro": 13,
      "the same time": 13,
      "i ’ll tell": 13,
      "’ll tell you": 13,
      "the captain and": 13,
      "a piece of": 12,
      "and the doctor": 12,
      "the black spot": 12,
      "one of them": 12,
      "and i could": 12,
      "could see the": 12,
      "of the captain": 12
    },
    "char_trigrams": {
      " th": 7204,
      "the": 5921,
      "he ": 5302,
      "nd ": 3513,
      "and": 3486,
      " an": 3244,
      "ed ": 2097,
      " to": 1894,
      " of": 1789,
      "as ": 1750,
      "ing": 1728,
      " a ": 1697,
      "of ": 1681,
      "to ": 1623,
      "ng ": 1621,
      " ha": 1610,
      " i ": 1593,
      " he": 1590,
      " wa": 1505,
      "at ": 1481,
      "d t": 1460,
      ", a": 1443,
      "re ": 1390,
      " in": 1329,
      "er ": 1320,
      "e s": 1313,
      "in ": 1236,
      "e t": 1210,
      " hi": 1174,
      "her": 1166,
      "was": 1154,
      "you": 1152,
      " be": 1150,
      "hat": 1134,
      "e a": 1119,
      "n t": 1106,
      "is ": 1100,
      "ll ": 1074,
      " yo": 1070,
      "ere": 1063,
      "his": 1056,
      "e, ": 1032,
      "tha": 1021,
      " we": 1018,
      "en ": 993,
      "or ": 976,
      " no": 968,
      "e w": 968,
      " on": 950,
      " fo": 943
    }
  },
  "punctuation": {
    "comma": 93.7,
    "period": 53.92,
    "semicolon": 9.67,
    "colon": 0.98,
    "dash": 6.22,
    "exclamation": 4.39,
    "question": 4.08,
    "ellipsis": 0.0,
    "parenthesis": 0.41,
    "quotation": 36.0
  },
  "contractions": {
    "total": 0,
    "rate_per_1000": 0.0,
    "top_contractions": {}
  },
  "sentence_openers": {
    "top_words": {
      "“": 717,
      "i": 339,
      "the": 268,
      "and": 174,
      "he": 141,
      "but": 128,
      "it": 113,
      "you": 63,
      "we": 61,
      "at": 48,
      "well": 41,
      "there": 41,
      "if": 41,
      "in": 37,
      "this": 37,
      "as": 36,
      "now": 36,
      "all": 35,
      "then": 33,
      "they": 33
    },
    "pos_distribution": {
      "PRON": 0.2687,
      "PUNCT": 0.2102,
      "DET": 0.1014,
      "CCONJ": 0.0909,
      "ADV": 0.0767,
      "ADP": 0.0588,
      "PROPN": 0.0474,
      "SCONJ": 0.0364,
      "VERB": 0.0239,
      "NOUN": 0.0224,
      "INTJ": 0.0219,
      "NUM": 0.0196,
      "ADJ": 0.0097,
      "AUX": 0.008,
      "PART": 0.004,
      "X": 0.0003
    },
    "conjunction_start_rate": 9.1
  },
  "paragraphs": {
    "count": 1410,
    "mean_length": 48.6,
    "median_length": 37.0,
    "one_sentence_ratio": 0.369,
    "top_openers": {
      "i": 109,
      "the": 95,
      "and": 63,
      "“i": 36,
      "“well,": 30,
      "it": 29,
      "at": 26,
      "“and": 24,
      "he": 23,
      "we": 23,
      "but": 20,
      "this": 20,
      "so": 16,
      "all": 15,
      "“now,": 15
    }
  },
  "dialogue": {
    "quoted_word_ratio": 0.419,
    "narration_word_ratio": 0.581,
    "top_attribution_verbs": {
      "say": 683,
      "cry": 192,
      "’": 76,
      "ask": 65,
      "return": 59,
      "reply": 57,
      "have": 48,
      "add": 46,
      "go": 44,
      "do": 41,
      "know": 39,
      "come": 38,
      "take": 37,
      "tell": 32,
      "see": 30
    }
  },
  "syntax": {
    "mean_tree_depth": 4.78,
    "median_tree_depth": 5.0,
    "stdev_tree_depth": 2.32,
    "tense_distribution": {
      "Past": 0.521,
      "None": 0.265,
      "Pres": 0.214
    },
    "sentence_type_mix": {
      "declarative": 0.929,
      "interrogative": 0.033,
      "exclamatory": 0.038
    }
  }
}