{
  "document_id": "0c7bdeca1d335182",
  "document_title": "Poems: Series One",
  "segment_id": null,
  "computed_at": "2026-04-12T14:46:45.799730",
  "word_count": 31215,
  "readability": {
    "flesch_reading_ease": 73.46585987553374,
    "flesch_kincaid_grade": 7.831097060328823,
    "gunning_fog": 10.234995435942526,
    "coleman_liau": 7.4563818052040745,
    "ari": 9.285880756365316,
    "smog": 9.761836134836154
  },
  "sentences": {
    "count": 2186,
    "mean_length": 17.41,
    "median_length": 15.0,
    "stdev_length": 13.41,
    "skewness": 1.54,
    "min_length": 1,
    "max_length": 122,
    "length_distribution": [
      385,
      349,
      314,
      260,
      330,
      264,
      91,
      50,
      46,
      35,
      23,
      18,
      3,
      8,
      2,
      4,
      1,
      0,
      0,
      0,
      0,
      1,
      1,
      0,
      1,
      0
    ]
  },
  "vocabulary": {
    "total_tokens": 31230,
    "unique_types": 5717,
    "ttr": 0.1831,
    "hapax_legomena": 3253,
    "hapax_ratio": 0.569,
    "yules_k": 85.81,
    "honores_r": 2401.22
  },
  "function_words": {
    "frequencies": {
      "the": 52.23,
      "and": 21.99,
      "a": 21.68,
      "to": 18.39,
      "of": 16.5,
      "i": 16.05,
      "in": 10.35,
      "it": 10.17,
      "that": 9.8,
      "is": 9.17,
      "as": 7.09,
      "for": 6.28,
      "not": 6.07,
      "my": 6.02,
      "her": 5.54,
      "was": 5.52,
      "but": 5.33,
      "with": 4.68,
      "me": 4.6,
      "be": 4.55,
      "so": 4.55,
      "at": 4.02,
      "by": 4.02,
      "when": 3.91,
      "if": 3.7,
      "you": 3.63,
      "or": 3.44,
      "his": 3.42,
      "this": 3.36,
      "on": 3.21
    },
    "top_n": 30
  },
  "pos": {
    "tag_distribution": {
      "NOUN": 0.1786,
      "PUNCT": 0.1779,
      "VERB": 0.107,
      "DET": 0.0914,
      "PRON": 0.0902,
      "ADP": 0.0762,
      "ADJ": 0.0603,
      "AUX": 0.0484,
      "PROPN": 0.0417,
      "ADV": 0.0417,
      "CCONJ": 0.0318,
      "SCONJ": 0.0272,
      "PART": 0.0226,
      "NUM": 0.0037,
      "INTJ": 0.0013,
      "X": 0.0
    },
    "adjective_noun_ratio": 0.2739,
    "adverb_density": 4.17,
    "verb_density": 15.55
  },
  "ngrams": {
    "word_bigrams": {
      "in the": 110,
      "of the": 95,
      "to the": 49,
      "all the": 43,
      "and then": 43,
      "t is": 42,
      "on the": 41,
      "is the": 40,
      "upon the": 39,
      "the sun": 36,
      "and the": 35,
      "t was": 35,
      "by the": 34,
      "to be": 33,
      "to me": 32,
      "it is": 31,
      "at the": 31,
      "such a": 30,
      "and i": 29,
      "for the": 29,
      "from the": 29,
      "i could": 29,
      "like a": 29,
      "could not": 27,
      "as if": 26,
      "of a": 26,
      "can not": 26,
      "if i": 25,
      "it was": 24,
      "in a": 24,
      "i had": 24,
      "a little": 24,
      "like the": 22,
      "to see": 22,
      "it 's": 22,
      "when i": 22,
      "i have": 21,
      "the sea": 21,
      "when the": 21,
      "that i": 21,
      "with a": 20,
      "i should": 19,
      "is a": 19,
      "of her": 18,
      "summer 's": 18,
      "for me": 18,
      "upon a": 18,
      "as the": 18,
      "the little": 18,
      "before the": 18
    },
    "word_trigrams": {
      "i could not": 13,
      "it in the": 8,
      "if i should": 7,
      "as if the": 7,
      "and then i": 7,
      "emily dickinson 's": 6,
      "it is not": 6,
      "i can not": 6,
      "and then the": 6,
      "these are the": 6,
      "and all the": 6,
      "i had a": 6,
      "of emily dickinson": 5,
      "for me i": 5,
      "of all the": 5,
      "as if a": 5,
      "such a little": 5,
      "if i could": 5,
      "it may be": 5,
      "to be a": 5,
      "as t were": 5,
      "to look at": 5,
      "the one that": 5,
      "i wonder if": 5,
      "by emily dickinson": 4,
      "mabel loomis todd": 4,
      "there came a": 4,
      "to me the": 4,
      "how still the": 4,
      "till we are": 4,
      "it was not": 4,
      "must be the": 4,
      "enough for me": 4,
      "t was such": 4,
      "mine by the": 4,
      "of the day": 4,
      "in the woods": 4,
      "summer 's day": 4,
      "a summer 's": 4,
      "there is a": 4,
      "the other side": 4,
      "i never saw": 4,
      "on such a": 4,
      "it was a": 4,
      "i would not": 4,
      "when i was": 4,
      "to those who": 4,
      "look at me": 4,
      "all the rest": 4,
      "in the air": 4
    },
    "char_trigrams": {
      " th": 3350,
      "the": 2677,
      "he ": 2177,
      " an": 1072,
      "nd ": 1010,
      "and": 1000,
      " to": 883,
      "ed ": 844,
      " a ": 819,
      "ing": 761,
      "er ": 732,
      "to ": 718,
      ", a": 671,
      " of": 662,
      "at ": 648,
      "of ": 631,
      "e, ": 620,
      "e t": 615,
      " be": 594,
      "is ": 593,
      "her": 574,
      " in": 566,
      "ng ": 565,
      " he": 561,
      " i ": 555,
      "e s": 540,
      " wh": 527,
      "as ": 526,
      "re ": 513,
      " no": 508,
      "hat": 486,
      " it": 479,
      "in ": 478,
      " wi": 471,
      "t t": 470,
      "or ": 468,
      "es ": 464,
      "d t": 462,
      " li": 461,
      "en ": 451,
      "tha": 445,
      "st ": 439,
      " so": 437,
      "n t": 428,
      "ll ": 424,
      ", t": 422,
      "s, ": 421,
      "s t": 418,
      " co": 415,
      " ha": 410
    }
  },
  "punctuation": {
    "comma": 102.07,
    "period": 56.38,
    "semicolon": 17.14,
    "colon": 0.86,
    "dash": 11.63,
    "exclamation": 13.2,
    "question": 4.9,
    "ellipsis": 0.0,
    "parenthesis": 0.13,
    "quotation": 20.7
  },
  "contractions": {
    "total": 309,
    "rate_per_1000": 9.9,
    "top_contractions": {
      "it's": 22,
      "summer's": 18,
      "there's": 13,
      "i'm": 13,
      "i'd": 9,
      "nature's": 9,
      "i've": 8,
      "don't": 8,
      "life's": 7,
      "dickinson's": 6,
      "time's": 6,
      "i'll": 6,
      "can't": 5,
      "father's": 4,
      "one's": 4,
      "you're": 4,
      "won't": 4,
      "morning's": 4,
      "other's": 3,
      "death's": 3
    }
  },
  "sentence_openers": {
    "top_words": {
      "the": 269,
      "i": 146,
      "and": 121,
      "a": 82,
      "it": 58,
      "but": 52,
      "to": 34,
      "if": 34,
      "how": 33,
      "'": 30,
      "as": 29,
      "\"": 29,
      "till": 25,
      "my": 25,
      "so": 24,
      "there": 23,
      "he": 23,
      "in": 21,
      "when": 21,
      "for": 19
    },
    "pos_distribution": {
      "PRON": 0.1953,
      "DET": 0.1825,
      "PROPN": 0.177,
      "CCONJ": 0.081,
      "SCONJ": 0.0778,
      "ADP": 0.0535,
      "ADV": 0.0494,
      "NOUN": 0.0375,
      "VERB": 0.0371,
      "PUNCT": 0.0311,
      "AUX": 0.0229,
      "ADJ": 0.0201,
      "PART": 0.0156,
      "INTJ": 0.0128,
      "NUM": 0.0064
    },
    "conjunction_start_rate": 8.1
  },
  "paragraphs": {
    "count": 1280,
    "mean_length": 23.7,
    "median_length": 21.0,
    "one_sentence_ratio": 0.642,
    "top_openers": {
      "the": 158,
      "i": 117,
      "a": 63,
      "and": 53,
      "it": 35,
      "to": 29,
      "but": 26,
      "if": 21,
      "how": 20,
      "t": 18,
      "my": 18,
      "we": 17,
      "so": 17,
      "as": 16,
      "that": 15
    }
  },
  "dialogue": {
    "quoted_word_ratio": 0.488,
    "narration_word_ratio": 0.512,
    "top_attribution_verbs": {
      "say": 12,
      "give": 4,
      "have": 4,
      "hear": 4,
      "ask": 3,
      "come": 3,
      "disapprove": 3,
      "know": 3,
      "reply": 2,
      "trouble": 2,
      "call": 2,
      "find": 2,
      "make": 2,
      "write": 2,
      "escape": 2
    }
  },
  "syntax": {
    "mean_tree_depth": 3.94,
    "median_tree_depth": 4.0,
    "stdev_tree_depth": 1.8,
    "tense_distribution": {
      "Past": 0.347,
      "Pres": 0.332,
      "None": 0.321
    },
    "sentence_type_mix": {
      "declarative": 0.817,