{
  "document_id": "fd42f9e36b078646",
  "document_title": "Il Principe",
  "segment_id": null,
  "computed_at": "2026-04-12T14:56:53.438486",
  "word_count": 49943,
  "readability": {
    "flesch_reading_ease": 70.88464114041938,
    "flesch_kincaid_grade": 18.227178909050853,
    "gunning_fog": 20.605775601353926,
    "coleman_liau": 9.572801377956697,
    "ari": 19.35807014997097,
    "smog": 17.05777472567424
  },
  "sentences": {
    "count": 1935,
    "mean_length": 29.34,
    "median_length": 26.0,
    "stdev_length": 19.13,
    "skewness": 1.04,
    "min_length": 0,
    "max_length": 112,
    "length_distribution": [
      118,
      145,
      196,
      195,
      244,
      184,
      210,
      155,
      131,
      96,
      71,
      46,
      44,
      25,
      21,
      15,
      10,
      8,
      4,
      6,
      5,
      4,
      2,
      0
    ]
  },
  "vocabulary": {
    "total_tokens": 50112,
    "unique_types": 5274,
    "ttr": 0.1052,
    "hapax_legomena": 2527,
    "hapax_ratio": 0.4791,
    "yules_k": 108.06,
    "honores_r": 2077.73
  },
  "function_words": {
    "frequencies": {
      "in": 16.56,
      "a": 12.82,
      "i": 3.79,
      "come": 0.58,
      "di": 0.48,
      "da": 0.32,
      "della": 0.18,
      "il": 0.16,
      "del": 0.09,
      "delle": 0.07,
      "e": 0.05,
      "la": 0.05,
      "non": 0.05,
      "fra": 0.05,
      "per": 0.04,
      "le": 0.04,
      "dei": 0.04,
      "gli": 0.04,
      "alla": 0.04,
      "degli": 0.04,
      "che": 0.02,
      "si": 0.02,
      "al": 0.02,
      "lo": 0.02,
      "nel": 0.02,
      "o": 0.02,
      "era": 0.02
    },
    "top_n": 30
  },
  "pos": {
    "tag_distribution": {
      "NOUN": 0.2369,
      "PROPN": 0.1778,
      "ADP": 0.1186,
      "PUNCT": 0.1163,
      "X": 0.0953,
      "VERB": 0.0781,
      "ADJ": 0.0596,
      "DET": 0.0541,
      "CCONJ": 0.0323,
      "PRON": 0.0104,
      "ADV": 0.0086,
      "NUM": 0.0057,
      "AUX": 0.0035,
      "SYM": 0.002,
      "INTJ": 0.0004,
      "SCONJ": 0.0002,
      "SPACE": 0.0
    },
    "adjective_noun_ratio": 0.1437,
    "adverb_density": 0.86,
    "verb_density": 8.17
  },
  "ngrams": {
    "word_bigrams": {
      "of the": 405,
      "in the": 193,
      "to the": 168,
      "to be": 165,
      "and the": 135,
      "it is": 126,
      "by the": 114,
      "of his": 107,
      "he had": 99,
      "a prince": 96,
      "that he": 96,
      "the people": 92,
      "with the": 89,
      "that the": 85,
      "the duke": 84,
      "he was": 83,
      "on the": 74,
      "to him": 72,
      "the prince": 70,
      "they are": 68,
      "those who": 68,
      "ought to": 67,
      "for the": 66,
      "and to": 62,
      "have been": 60,
      "the florentines": 58,
      "the other": 56,
      "did not": 53,
      "in his": 53,
      "it was": 53,
      "his own": 51,
      "and he": 51,
      "him to": 50,
      "he who": 48,
      "him and": 47,
      "to his": 46,
      "i have": 45,
      "them and": 45,
      "should be": 44,
      "from the": 44,
      "of a": 44,
      "to have": 44,
      "that it": 44,
      "not to": 43,
      "and in": 43,
      "so that": 43,
      "if he": 42,
      "able to": 41,
      "of them": 41,
      "may be": 40
    },
    "word_trigrams": {
      "it is necessary": 22,
      "in order to": 21,
      "ought to be": 20,
      "the king of": 20,
      "he did not": 20,
      "so as to": 19,
      "of the people": 18,
      "in such a": 18,
      "prince ought to": 18,
      "those who have": 17,
      "that it was": 15,
      "king of france": 15,
      "if he had": 15,
      "a way that": 15,
      "such a way": 15,
      "the kingdom of": 14,
      "of the prince": 14,
      "for him to": 14,
      "and it is": 13,
      "one of the": 13,
      "of the duke": 13,
      "the death of": 13,
      "of his own": 13,
      "and in the": 13,
      "a new prince": 13,
      "in order that": 13,
      "to him and": 13,
      "he ought to": 13,
      "be able to": 12,
      "it will be": 12,
      "i say that": 12,
      "would not have": 12,
      "not to be": 12,
      "know how to": 12,
      "a prince ought": 12,
      "that it is": 11,
      "the actions of": 11,
      "would have been": 11,
      "it is not": 11,
      "he had been": 11,
      "on the other": 11,
      "for this reason": 11,
      "that a prince": 11,
      "the arms of": 10,
      "is necessary for": 10,
      "he does not": 10,
      "to be a": 10,
      "that he should": 10,
      "in the first": 10,
      "the duke and": 10
    },
    "char_trigrams": {
      " th": 6105,
      "the": 4994,
      "he ": 3890,
      " an": 2203,
      "nd ": 2180,
      " to": 2153,
      "and": 2149,
      "to ": 2140,
      "ed ": 1822,
      " of": 1778,
      "of ": 1696,
      "is ": 1358,
      "ing": 1331,
      " in": 1318,
      " be": 1275,
      " hi": 1233,
      " wh": 1229,
      "ng ": 1183,
      "er ": 1173,
      "d t": 1126,
      " ha": 1125,
      " he": 1111,
      "in ": 1086,
      "e t": 1079,
      ", a": 1059,
      "at ": 1056,
      "re ": 1052,
      "his": 975,
      " wi": 933,
      " fo": 876,
      "her": 875,
      "tha": 866,
      "for": 862,
      "as ": 861,
      " co": 856,
      "hat": 855,
      "n t": 851,
      "es ": 813,
      "e a": 800,
      "t t": 799,
      " no": 794,
      "s, ": 791,
      "nce": 781,
      "en ": 770,
      "se ": 750,
      "or ": 747,
      "e o": 734,
      " a ": 722,
      "ere": 719,
      " it": 714
    }
  },
  "punctuation": {
    "comma": 81.21,
    "period": 27.49,
    "semicolon": 10.63,
    "colon": 2.08,
    "dash": 0.0,
    "exclamation": 0.0,
    "question": 0.38,
    "ellipsis": 0.0,
    "parenthesis": 1.0,
    "quotation": 5.13
  },
  "contractions": {
    "total": 0,
    "rate_per_1000": 0.0,
    "top_contractions": {}
  },
  "sentence_openers": {
    "top_words": {
      "and": 232,
      "he": 100,
      "but": 93,
      "the": 87,
      "for": 64,
      "this": 60,
      "”": 60,
      "“": 54,
      "in": 46,
      "because": 43,
      "it": 42,
      "therefore": 38,
      "i": 31,
      "castruccio": 29,
      "concerning": 28,
      "they": 27,
      "[": 25,
      "thus": 24,
      "when": 23,
      "chapter": 23
    },
    "pos_distribution": {
      "PROPN": 0.3359,
      "NOUN": 0.1142,
      "PUNCT": 0.0909,
      "VERB": 0.0903,
      "ADP": 0.0763,
      "DET": 0.0722,
      "CCONJ": 0.0576,
      "X": 0.0514,
      "PRON": 0.0415,
      "ADJ": 0.0218,
      "AUX": 0.0177,
      "ADV": 0.0161,
      "NUM": 0.0078,
      "SYM": 0.0042,
      "INTJ": 0.0016,
      "SCONJ": 0.0005
    },
    "conjunction_start_rate": 5.8
  },
  "paragraphs": {
    "count": 367,
    "mean_length": 136.0,
    "median_length": 112.0,
    "one_sentence_ratio": 0.12,
    "top_openers": {
      "but": 27,
      "the": 26,
      "chapter": 26,
      "and": 20,
      "i": 18,
      "[1]": 17,
      "it": 16,
      "[2]": 10,
      "in": 7,
      "therefore,": 7,
      "for": 5,
      "[3]": 5,
      "[4]": 5,
      "[5]": 5,
      "there": 5
    }
  },
  "dialogue": {
    "quoted_word_ratio": 0.54,
    "narration_word_ratio": 0.46,
    "top_attribution_verbs": {
      "this": 7,
      "is": 6,
      "were": 5,
      "died": 4,
      "that": 3,
      "isre": 3,
      "would": 2,
      "Nam": 2,
      "Were": 2,
      "exist": 2,
      "ox": 2,
      "sapere": 2,
      "must": 2,
      "received": 1,
      "share": 1
    }
  },
  "syntax": {
    "mean_tree_depth": 4.36,
    "median_tree_depth": 4.0,
    "stdev_tree_depth": 1.59,
    "tense_distribution": {
      "Pres": 0.5,
      "Past": 0.248,
      "None": 0.165,
      "Fut": 0.059,
      "Imp": 0.027
    },
    "sentence_type_mix": {
      "declarative": 0.992,
      "interrogative": 0.008,
      "exclamatory": 0.0
    }
  }
}