{
  "document_id": "cc2e8329d511b6e8",
  "document_title": "Leaves of Grass",
  "segment_id": null,
  "computed_at": "2026-04-12T14:46:16.242227",
  "word_count": 121712,
  "readability": {
    "flesch_reading_ease": 54.707297740581566,
    "flesch_kincaid_grade": 14.098339499706185,
    "gunning_fog": 16.622848187446465,
    "coleman_liau": 9.201301443583574,
    "ari": 17.755897126301555,
    "smog": 12.755536513122419
  },
  "sentences": {
    "count": 4211,
    "mean_length": 35.83,
    "median_length": 22.0,
    "stdev_length": 50.24,
    "skewness": 8.04,
    "min_length": 1,
    "max_length": 1092,
    "length_distribution": [
      325,
      686,
      529,
      406,
      309,
      299,
      224,
      222,
      183,
      123,
      105,
      105,
      95,
      82,
      48,
      51,
      41,
      44,
      41,
      28,
      18,
      33,
      21,
      20,
      11,
      16,
      9,
      18,
      12,
      9,
      6,
      5,
      7,
      8,
      5,
      5,
      3,
      2,
      5,
      3,
      1,
      2,
      3,
      3,
      3,
      2,
      2,
      5,
      2,
      3,
      2,
      1,
      1,
      1,
      0,
      1,
      0,
      0,
      2,
      1,
      0,
      0,
      1,
      1,
      0,
      0,
      1,
      0,
      1,
      0,
      0,
      0,
      1,
      0,
      0,
      0,
      0,
      2,
      0,
      0,
      0,
      0,
      0,
      1,
      0,
      0,
      0,
      0,
      0,
      0,
      0,
      0,
      0,
      0,
      0,
      0,
      0,
      0,
      0,
      0,
      0,
      0,
      0,
      0,
      0,
      0,
      0,
      0,
      0,
      0,
      0,
      0,
      0,
      1,
      0,
      0,
      0,
      0,
      0,
      0,
      0,
      0,
      0,
      0,
      0,
      1,
      0,
      0,
      0,
      0,
      0,
      0,
      0,
      0,
      0,
      1,
      0,
      0,
      0,
      0,
      0,
      0,
      0,
      0,
      0,
      0,
      0,
      0,
      0,
      0,
      0,
      0,
      0,
      0,
      0,
      0,
      0,
      0,
      0,
      0,
      0,
      0,
      0,
      0,
      0,
      0,
      0,
      0,
      0,
      0,
      0,
      0,
      1,
      0,
      0,
      0,
      0,
      0,
      0,
      0,
      0,
      0,
      0,
      0,
      0,
      0,
      0,
      0,
      0,
      0,
      0,
      0,
      0,
      0,
      0,
      0,
      0,
      0,
      0,
      0,
      0,
      0,
      0,
      0,
      0,
      0,
      0,
      0,
      0,
      0,
      0,
      0,
      0,
      0,
      0,
      1,
      0,
      0,
      1,
      0
    ]
  },
  "vocabulary": {
    "total_tokens": 124995,
    "unique_types": 12787,
    "ttr": 0.1023,
    "hapax_legomena": 5988,
    "hapax_ratio": 0.4683,
    "yules_k": 121.79,
    "honores_r": 2207.22
  },
  "function_words": {
    "frequencies": {
      "the": 67.02,
      "and": 35.34,
      "of": 28.27,
      "i": 19.41,
      "to": 14.87,
      "in": 12.43,
      "you": 10.19,
      "a": 8.55,
      "with": 8.28,
      "is": 7.34,
      "all": 7.1,
      "my": 6.71,
      "me": 6.69,
      "or": 6.65,
      "for": 6.58,
      "not": 6.19,
      "that": 5.66,
      "as": 5.41,
      "it": 5.26,
      "from": 4.66,
      "on": 4.45,
      "are": 4.06,
      "be": 3.32,
      "by": 3.25,
      "they": 3.17,
      "what": 3.17,
      "at": 3.13,
      "them": 2.94,
      "but": 2.88,
      "his": 2.49
    },
    "top_n": 30
  },
  "pos": {
    "tag_distribution": {
      "NOUN": 0.2011,
      "PUNCT": 0.1709,
      "ADP": 0.0963,
      "PRON": 0.0949,
      "VERB": 0.0896,
      "DET": 0.0896,
      "ADJ": 0.0698,
      "CCONJ": 0.0472,
      "ADV": 0.0402,
      "PROPN": 0.0308,
      "AUX": 0.0301,
      "PART": 0.0161,
      "SCONJ": 0.013,
      "NUM": 0.006,
      "INTJ": 0.0038,
      "X": 0.0007,
      "SYM": 0.0
    },
    "adjective_noun_ratio": 0.301,
    "adverb_density": 4.02,
    "verb_density": 11.97
  },
  "ngrams": {
    "word_bigrams": {
      "of the": 1262,
      "in the": 607,
      "and the": 554,
      "to the": 306,
      "i see": 292,
      "on the": 273,
      "from the": 247,
      "it is": 202,
      "with the": 197,
      "i am": 191,
      "all the": 178,
      "to me": 175,
      "by the": 151,
      "out of": 150,
      "the earth": 146,
      "see the": 144,
      "do not": 127,
      "of my": 127,
      "of all": 118,
      "and i": 117,
      "to be": 116,
      "through the": 116,
      "i have": 114,
      "i will": 113,
      "as i": 107,
      "for the": 107,
      "the same": 102,
      "i hear": 102,
      "is the": 101,
      "at the": 99,
      "you are": 99,
      "and all": 98,
      "as the": 94,
      "they are": 91,
      "the world": 89,
      "the rest": 85,
      "i know": 84,
      "shall be": 84,
      "over the": 84,
      "me i": 82,
      "the soul": 78,
      "me and": 78,
      "to you": 78,
      "where the": 77,
      "for you": 77,
      "of a": 76,
      "i do": 75,
      "the great": 75,
      "the sea": 75,
      "what is": 73
    },
    "word_trigrams": {
      "i see the": 118,
      "i do not": 71,
      "of the earth": 70,
      "out of the": 66,
      "i hear the": 53,
      "men and women": 49,
      "it is not": 33,
      "of the world": 32,
      "pioneers o pioneers": 27,
      "as much as": 26,
      "and all the": 25,
      "whoever you are": 25,
      "day and night": 23,
      "the earth and": 23,
      "i can not": 21,
      "i am the": 21,
      "man or woman": 19,
      "of these states": 19,
      "of all the": 18,
      "i know not": 17,
      "there is no": 17,
      "just as much": 17,
      "and of the": 16,
      "it shall be": 16,
      "the shape of": 16,
      "do not know": 16,
      "song of the": 16,
      "the sound of": 16,
      "time and space": 15,
      "all the rest": 15,
      "and i will": 15,
      "they are not": 15,
      "me and i": 15,
      "in the air": 15,
      "can not be": 15,
      "in the night": 15,
      "of the sea": 15,
      "they do not": 14,
      "shall be you": 14,
      "of the universe": 14,
      "with the rest": 14,
      "the open air": 14,
      "i am not": 14,
      "you and me": 14,
      "you whoever you": 13,
      "him or her": 13,
      "of the past": 13,
      "there in the": 13,
      "i swear i": 12,
      "to me and": 12
    },
    "char_trigrams": {
      " th": 15349,
      "the": 13396,
      "he ": 10555,
      "and": 6369,
      "nd ": 6186,
      " an": 5920,
      "ing": 5082,
      "s, ": 4501,
      " of": 4391,
      "of ": 4282,
      "ng ": 3819,
      ", t": 3599,
      "e, ": 3006,
      " i ": 2779,
      " to": 2736,
      " in": 2544,
      "or ": 2379,
      "e s": 2372,
      ", a": 2314,
      "er ": 2256,
      "e t": 2242,
      "in ": 2213,
      "to ": 2213,
      "you": 2170,
      " yo": 2131,
      " no": 2075,
      " wi": 2070,
      "at ": 2055,
      "es ": 2025,
      "her": 1989,
      "ll ": 1938,
      "re ": 1934,
      "all": 1917,
      "e a": 1867,
      "s o": 1856,
      "s a": 1793,
      "th ": 1786,
      "d t": 1785,
      "is ": 1766,
      " wh": 1723,
      "n t": 1716,
      " co": 1684,
      "f t": 1668,
      " be": 1667,
      "for": 1664,
      " fo": 1660,
      ", i": 1647,
      " me": 1599,
      " so": 1598,
      " he": 1560
    }
  },
  "punctuation": {
    "comma": 147.36,
    "period": 15.53,
    "semicolon": 3.42,
    "colon": 0.34,
    "dash": 7.41,
    "exclamation": 10.09,
    "question": 6.1,
    "ellipsis": 0.0,
    "parenthesis": 7.85,
    "quotation": 0.24
  },
  "contractions": {
    "total": 0,
    "rate_per_1000": 0.0,
    "top_contractions": {}
  },
  "sentence_openers": {
    "top_words": {
      "i": 330,
      "the": 295,
      "o": 263,
      "and": 212,
      "to": 125,
      "you": 116,
      "what": 103,
      "but": 86,
      "(": 73,
      "for": 73,
      "in": 67,
      "as": 61,
      "how": 54,
      "a": 53,