{
  "document_id": "2387304e3cec1adb",
  "document_title": "Pride and Prejudice",
  "segment_id": null,
  "computed_at": "2026-04-12T14:39:37.497151",
  "word_count": 127359,
  "readability": {
    "flesch_reading_ease": 64.3715897548131,
    "flesch_kincaid_grade": 8.963904503614042,
    "gunning_fog": 11.211396185898767,
    "coleman_liau": 8.392936426265312,
    "ari": 9.855877575769028,
    "smog": 11.25585690849951
  },
  "sentences": {
    "count": 5754,
    "mean_length": 26.51,
    "median_length": 22.0,
    "stdev_length": 19.44,
    "skewness": 1.58,
    "min_length": 1,
    "max_length": 190,
    "length_distribution": [
      150,
      831,
      874,
      737,
      658,
      519,
      431,
      358,
      298,
      225,
      156,
      126,
      104,
      79,
      56,
      38,
      26,
      24,
      15,
      8,
      15,
      6,
      4,
      5,
      2,
      3,
      2,
      0,
      2,
      0,
      0,
      1,
      0,
      0,
      0,
      0,
      0,
      0,
      1
    ]
  },
  "vocabulary": {
    "total_tokens": 128695,
    "unique_types": 6986,
    "ttr": 0.0543,
    "hapax_legomena": 2842,
    "hapax_ratio": 0.4068,
    "yules_k": 79.86,
    "honores_r": 1983.39
  },
  "function_words": {
    "frequencies": {
      "the": 30.56,
      "to": 28.33,
      "of": 25.19,
      "and": 24.64,
      "her": 14.93,
      "i": 13.86,
      "a": 13.33,
      "in": 13.07,
      "was": 12.29,
      "she": 11.47,
      "that": 10.71,
      "not": 10.57,
      "it": 10.39,
      "you": 9.01,
      "he": 8.9,
      "his": 8.54,
      "be": 8.29,
      "as": 8.06,
      "had": 7.77,
      "with": 7.18,
      "for": 7.17,
      "but": 6.78,
      "is": 6.07,
      "have": 5.76,
      "at": 5.34,
      "him": 5.09,
      "on": 4.79,
      "my": 4.77,
      "by": 4.58,
      "all": 4.26
    },
    "top_n": 30
  },
  "pos": {
    "tag_distribution": {
      "PUNCT": 0.1493,
      "PRON": 0.1341,
      "NOUN": 0.1227,
      "VERB": 0.1073,
      "ADP": 0.0953,
      "AUX": 0.0728,
      "DET": 0.0612,
      "ADV": 0.0559,
      "ADJ": 0.0545,
      "PROPN": 0.0456,
      "CCONJ": 0.0344,
      "PART": 0.0318,
      "SCONJ": 0.0262,
      "NUM": 0.0054,
      "INTJ": 0.0019,
      "X": 0.0017,
      "SYM": 0.0001
    },
    "adjective_noun_ratio": 0.3237,
    "adverb_density": 5.59,
    "verb_density": 18.01
  },
  "ngrams": {
    "word_bigrams": {
      "of the": 508,
      "to be": 446,
      "in the": 421,
      "i am": 310,
      "of her": 275,
      "mr. darcy": 273,
      "to the": 265,
      "it was": 255,
      "of his": 242,
      "she was": 213,
      "it is": 208,
      "had been": 206,
      "she had": 206,
      "i have": 191,
      "to her": 184,
      "that he": 181,
      "could not": 172,
      "and the": 169,
      "he had": 167,
      "for the": 165,
      "on the": 162,
      "he was": 160,
      "mr. collins": 152,
      "mrs. bennet": 146,
      "such a": 146,
      "have been": 145,
      "in a": 143,
      "did not": 139,
      "that she": 138,
      "she could": 135,
      "they were": 133,
      "do not": 131,
      "with the": 131,
      "was not": 127,
      "and i": 126,
      "my dear": 124,
      "lady catherine": 122,
      "all the": 119,
      "by the": 119,
      "not be": 117,
      "of a": 117,
      "and she": 115,
      "that i": 114,
      "can not": 113,
      "as to": 110,
      "at the": 107,
      "i can": 104,
      "mr. bingley": 104,
      "but i": 103,
      "you are": 102
    },
    "word_trigrams": {
      "i do not": 67,
      "i am sure": 62,
      "as soon as": 56,
      "she could not": 53,
      "i can not": 50,
      "that he had": 37,
      "in the world": 36,
      "copyright 1894 by": 35,
      "1894 by george": 35,
      "by george allen": 35,
      "it would be": 34,
      "i am not": 34,
      "it was not": 30,
      "i dare say": 30,
      "that he was": 30,
      "mr. darcy ’s": 30,
      "could not be": 29,
      "as well as": 29,
      "that it was": 28,
      "would have been": 28,
      "of mr. darcy": 28,
      "on the subject": 27,
      "one of the": 27,
      "by no means": 27,
      "that she had": 27,
      "heading to chapter": 27,
      "he had been": 26,
      "she did not": 26,
      "can not be": 26,
      "and she was": 25,
      "do not know": 25,
      "i have not": 24,
      "the rest of": 24,
      "a great deal": 24,
      "i did not": 23,
      "in spite of": 23,
      "not to be": 22,
      "uncle and aunt": 22,
      "it is not": 21,
      "that she could": 20,
      "i have been": 20,
      "as much as": 20,
      "could not have": 20,
      "it was a": 19,
      "that i am": 19,
      "as to the": 19,
      "mrs. bennet was": 18,
      "and it was": 18,
      "it is a": 18,
      "that he should": 18
    },
    "char_trigrams": {
      " th": 10116,
      "the": 8237,
      "he ": 7632,
      " to": 4860,
      " an": 4699,
      "er ": 4560,
      "her": 4541,
      "to ": 4425,
      " he": 4374,
      "nd ": 4229,
      " of": 4108,
      "ing": 4080,
      "and": 4079,
      "ed ": 4077,
      "of ": 3817,
      " be": 3433,
      "as ": 3354,
      " in": 3179,
      "ng ": 3167,
      "at ": 3053,
      " ha": 2936,
      " co": 2705,
      " no": 2574,
      "is ": 2574,
      "re ": 2391,
      " sh": 2347,
      " wi": 2329,
      " wa": 2316,
      " wh": 2290,
      " hi": 2286,
      "in ": 2280,
      "hat": 2205,
      ", a": 2132,
      "on ": 2117,
      "you": 2098,
      "d t": 2079,
      "ion": 2056,
      "for": 2042,
      "e t": 2017,
      "ly ": 2009,
      "tha": 2004,
      " a ": 2004,
      "she": 1922,
      "not": 1921,
      " yo": 1919,
      "ent": 1915,
      " re": 1903,
      "was": 1877,
      "his": 1797,
      "ver": 1785
    }
  },
  "punctuation": {
    "comma": 77.34,
    "period": 50.66,
    "semicolon": 13.38,
    "colon": 2.19,
    "dash": 3.69,
    "exclamation": 3.34,
    "question": 3.76,
    "ellipsis": 0.0,
    "parenthesis": 0.47,
    "quotation": 29.88
  },
  "contractions": {
    "total": 0,
    "rate_per_1000": 0.0,
    "top_contractions": {}
  },
  "sentence_openers": {
    "top_words": {
      "“": 878,
      "i": 424,
      "she": 322,
      "but": 271,
      "the": 262,
      "he": 218,
      "it": 210,
      "elizabeth": 176,
      "[": 167,
      "mr.": 141,
      "you": 125,
      "they": 118,
      "and": 108,
      "her": 84,
      "mrs.": 83,
      "in": 79,
      "his": 76,
      "my": 71,
      "when": 68,
      "if": 60
    },
    "pos_distribution": {
      "PRON": 0.3394,
      "PUNCT": 0.1632,
      "PROPN": 0.1197,
      "CCONJ": 0.0678,
      "DET": 0.0655,
      "ADP": 0.0572,
      "SCONJ": 0.0497,
      "X": 0.029,
      "ADV": 0.0236,
      "AUX": 0.0221,
      "VERB": 0.0191,
      "NOUN": 0.0103,
      "INTJ": 0.0101,
      "ADJ": 0.0097,
      "NUM": 0.0075,
      "PART": 0.0059,
      "SYM": 0.0002
    },
    "conjunction_start_rate": 6.8
  },
  "paragraphs": {
    "count": 2241,
    "mean_length": 56.6,
    "median_length": 35.0,
    "one_sentence_ratio": 0.406,
    "top_openers": {
      "“i": 215,
      "elizabeth": 100,
      "the": 80,
      "“you": 68,
      "mr.": 58,
      "she": 57,
      "“and": 53,
      "“but": 42,
      "“it": 41,
      "“oh,": 40,
      "mrs.": 40,
      "“my": 37,
      "when": 34,
      "[_copyright": 32,
      "heading": 29
    }
  },
  "dialogue": {
    "quoted_word_ratio": 0.49,
    "narration_word_ratio": 0.51,
    "top_attribution_verbs": {
      "say": 495,
      "reply": 159,
      "cry": 154,
      "have": 100,
      "add": 70,
      "think": 70,
      "do": 64,
      "know": 57,
      "come": 52,
      "go": 50,
      "see": 42,
      "make": 41,
      "like": 36,
      "mean": 34,
      "continue": 30
    }
  },
  "syntax": {
    "mean_tree_depth": 5.23,
    "median_tree_depth": 5.0,
    "stdev_tree_depth": 2.59,
    "tense_distribution": {
      "Past": 0.427,
      "None": 0.354,
      "Pres": 0.219
    },