{
  "document_id": "40225dc4b769ddb2",
  "document_title": "Les Trois Mousquetaires",
  "segment_id": null,
  "computed_at": "2026-04-12T14:52:19.381408",
  "word_count": 225157,
  "readability": {
    "flesch_reading_ease": 82.33772710137457,
    "flesch_kincaid_grade": 8.578254393231258,
    "gunning_fog": 11.763992112613082,
    "coleman_liau": 9.48657416437225,
    "ari": 10.545681037304227,
    "smog": 11.282810203804857
  },
  "sentences": {
    "count": 17197,
    "mean_length": 16.62,
    "median_length": 12.0,
    "stdev_length": 17.14,
    "skewness": 2.56,
    "min_length": 0,
    "max_length": 243,
    "length_distribution": [
      3966,
      3430,
      2604,
      1974,
      1426,
      1043,
      765,
      516,
      389,
      252,
      184,
      156,
      107,
      88,
      68,
      39,
      43,
      24,
      27,
      17,
      13,
      8,
      10,
      6,
      7,
      8,
      10,
      3,
      3,
      1,
      4,
      1,
      1,
      2,
      0,
      0,
      0,
      0,
      1,
      0,
      0,
      0,
      0,
      0,
      0,
      0,
      0,
      0,
      1,
      0
    ]
  },
  "vocabulary": {
    "total_tokens": 239138,
    "unique_types": 14199,
    "ttr": 0.0594,
    "hapax_legomena": 6468,
    "hapax_ratio": 0.4555,
    "yules_k": 69.11,
    "honores_r": 2274.63
  },
  "function_words": {
    "frequencies": {
      "de": 31.43,
      "et": 20.3,
      "la": 18.77,
      "le": 18.19,
      "que": 13.32,
      "il": 13.11,
      "vous": 12.39,
      "un": 10.75,
      "en": 9.75,
      "je": 9.33,
      "les": 8.79,
      "qui": 7.84,
      "une": 7.16,
      "est": 6.91,
      "pas": 6.72,
      "ne": 6.16,
      "ce": 5.97,
      "son": 5.6,
      "dans": 5.37,
      "se": 5.12,
      "mais": 5.01,
      "pour": 4.99,
      "lui": 4.77,
      "du": 4.68,
      "au": 4.58,
      "elle": 4.52,
      "des": 4.15,
      "sur": 3.76,
      "cette": 3.65,
      "comme": 3.49
    },
    "top_n": 30
  },
  "pos": {
    "tag_distribution": {
      "NOUN": 0.1647,
      "PUNCT": 0.1562,
      "VERB": 0.1144,
      "PRON": 0.1079,
      "ADP": 0.103,
      "DET": 0.0981,
      "ADV": 0.0646,
      "PROPN": 0.0516,
      "ADJ": 0.0476,
      "AUX": 0.0328,
      "CCONJ": 0.0294,
      "SCONJ": 0.0197,
      "NUM": 0.0067,
      "X": 0.0032,
      "INTJ": 0.0002,
      "SYM": 0.0
    },
    "adjective_noun_ratio": 0.2202,
    "adverb_density": 6.46,
    "verb_density": 14.72
  },
  "ngrams": {
    "word_bigrams": {
      "d’ artagnan": 1872,
      "de la": 1061,
      "qu’ il": 971,
      "c’ est": 810,
      "à la": 595,
      "que je": 479,
      "que vous": 467,
      "de l’": 459,
      "je vous": 449,
      "d’ un": 431,
      "le cardinal": 398,
      "à l’": 385,
      "m. de": 363,
      "de son": 353,
      "s’ écria": 347,
      "d’ une": 347,
      "j’ ai": 326,
      "qu’ elle": 321,
      "dit d’": 315,
      "je ne": 307,
      "la porte": 301,
      "il avait": 283,
      "ce que": 274,
      "de tréville": 274,
      "dans la": 272,
      "de sa": 251,
      "eh bien": 251,
      "dit athos": 249,
      "n’ est": 243,
      "qu’ on": 243,
      "et de": 238,
      "je suis": 234,
      "il n’": 234,
      "la reine": 232,
      "c’ était": 223,
      "à son": 221,
      "il était": 221,
      "vous avez": 219,
      "le roi": 216,
      "jeune homme": 209,
      "dit -il": 207,
      "vous êtes": 200,
      "dans le": 199,
      "je n’": 199,
      "dit le": 198,
      "il y": 198,
      "que j’": 197,
      "sur le": 196,
      "que le": 196,
      "il ne": 196
    },
    "word_trigrams": {
      "dit d’ artagnan": 310,
      "m. de tréville": 267,
      "lord de winter": 144,
      "qu’ il avait": 117,
      "n’ est pas": 112,
      "d’ artagnan et": 112,
      "le jeune homme": 109,
      "de d’ artagnan": 106,
      "ce qu’ il": 93,
      "il y a": 93,
      "il n’ y": 89,
      "je n’ ai": 83,
      "que j’ ai": 83,
      "d’ artagnan en": 83,
      "ce n’ est": 82,
      "s’ écria d’": 82,
      "écria d’ artagnan": 82,
      "d’ artagnan qui": 77,
      "à d’ artagnan": 73,
      "n’ était pas": 72,
      "de m. de": 71,
      "c’ est à": 70,
      "m. le cardinal": 69,
      "qu’ il était": 68,
      "que d’ artagnan": 67,
      "c’ est que": 67,
      "ce que vous": 66,
      "c’ est bien": 65,
      "n’ est -ce": 64,
      "que je vous": 64,
      "à la porte": 63,
      "que vous avez": 62,
      "qu’ il ne": 62,
      "de la reine": 62,
      "porthos et aramis": 60,
      "en ce moment": 58,
      "m. d’ artagnan": 58,
      "ce que je": 57,
      "qu’ il n’": 57,
      "à peu près": 55,
      "est -ce pas": 55,
      "que c’ est": 54,
      "à son tour": 53,
      "et qu’ il": 53,
      "d’ artagnan je": 52,
      "je vous ai": 51,
      "que c’ était": 51,
      "il y avait": 51,
      "à l’ instant": 51,
      "que je ne": 50
    },
    "char_trigrams": {
      " de": 12435,
      "it ": 10362,
      " qu": 9957,
      "de ": 9565,
      " le": 8658,
      "es ": 8560,
      "le ": 8484,
      "nt ": 7395,
      "ait": 7225,
      "ent": 6853,
      "que": 6773,
      "et ": 6270,
      "ous": 6264,
      "re ": 6205,
      "us ": 6048,
      " la": 6009,
      "e d": 5982,
      " vo": 5827,
      " et": 5763,
      "la ": 5724,
      "e, ": 5625,
      "ne ": 5325,
      " pa": 5274,
      "e l": 5268,
      " co": 5237,
      "on ": 4987,
      "ue ": 4910,
      "e c": 4757,
      " ce": 4713,
      " à ": 4693,
      "is ": 4645,
      " — ": 4633,
      "e s": 4629,
      "vou": 4601,
      "s, ": 4476,
      "t d": 4412,
      " d’": 4351,
      "lle": 4316,
      "il ": 4247,
      "s d": 4208,
      " ma": 4164,
      " se": 4114,
      " en": 4089,
      "e p": 4064,
      " un": 4053,
      " mo": 4044,
      "ais": 4042,
      "ant": 4039,
      " po": 3995,
      "ur ": 3977
    }
  },
  "punctuation": {
    "comma": 95.51,
    "period": 44.96,
    "semicolon": 11.28,
    "colon": 4.19,
    "dash": 0.0,
    "exclamation": 10.35,
    "question": 8.11,
    "ellipsis": 1.24,
    "parenthesis": 0.1,
    "quotation": 0.12
  },
  "contractions": {
    "total": 0,
    "rate_per_1000": 0.0,
    "top_contractions": {}
  },
  "sentence_openers": {
    "top_words": {
      "—": 4247,
      "»": 954,
      "il": 630,
      "mais": 600,
      "je": 388,
      "«": 378,
      "d’": 342,
      "et": 332,
      "le": 317,
      ",": 298,
      "ah": 281,
      "dit": 276,
      "eh": 264,
      "vous": 254,
      "s’": 237,
      "la": 207,
      "artagnan": 190,
      "demanda": 173,
      "en": 170,
      "milady": 155
    },
    "pos_distribution": {
      "PUNCT": 0.3077,
      "PRON": 0.1424,
      "DET": 0.1059,
      "PROPN": 0.0903,
      "NOUN": 0.0682,
      "CCONJ": 0.0667,
      "ADV": 0.0628,
      "ADP": 0.0569,
      "VERB": 0.0458,
      "ADJ": 0.0173,
      "SCONJ": 0.0168,
      "X": 0.009,
      "AUX": 0.0055,
      "NUM": 0.0034,
      "INTJ": 0.0012
    },
    "conjunction_start_rate": 6.7
  },
  "paragraphs": {
    "count": 8237,
    "mean_length": 27.1,
    "median_length": 19.0,
    "one_sentence_ratio": 0.402,
    "top_openers": {
      "—": 4132,
      "d’artagnan": 233,
      "le": 206,
      "et": 175,
      "il": 145,
      "la": 109,
      "milady": 105,
      "en": 103,
      "les": 86,
      "athos": 73,
      "à": 71,
      "mais": 68,
      "chapitre": 65,
      "«vous": 63,
      "«je": 62
    }
  },
  "dialogue": {
    "quoted_word_ratio": 0.508,
    "narration_word_ratio": 0.492,
    "top_attribution_verbs": {
      "dire": 258,
      "avoir": 33,
      "faire": 32,
      "répondre": 29,
      "aller": 28,
      "vouloir": 21,
      "écrier": 19,
      "prendre": 17,
      "croire": 16,
      "s’": 15,
      "regarder": 13,
      "perdre": 13,
      "mettre": 13,
      "savoir": 12,
      "murmurer": 12
    }
  },
  "syntax": {
    "mean_tree_depth": 3.36,
    "median_tree_depth": 3.0,
    "stdev_tree_depth": 2.19,