{
  "document_id": "c6196113039a054e",
  "document_title": "Great Expectations",
  "segment_id": null,
  "computed_at": "2026-04-12T14:38:58.509104",
  "word_count": 184478,
  "readability": {
    "flesch_reading_ease": 74.15116488511404,
    "flesch_kincaid_grade": 7.750016368952291,
    "gunning_fog": 10.06887857298151,
    "coleman_liau": 6.673167928793294,
    "ari": 8.873097813192889,
    "smog": 9.657517146420055
  },
  "sentences": {
    "count": 8549,
    "mean_length": 26.52,
    "median_length": 23.0,
    "stdev_length": 18.89,
    "skewness": 1.6,
    "min_length": 1,
    "max_length": 200,
    "length_distribution": [
      384,
      1085,
      1051,
      1103,
      1019,
      905,
      714,
      593,
      439,
      362,
      220,
      199,
      120,
      87,
      59,
      54,
      35,
      27,
      23,
      17,
      17,
      8,
      3,
      6,
      1,
      4,
      7,
      1,
      3,
      0,
      1,
      0,
      0,
      0,
      0,
      1,
      0,
      0,
      0,
      0,
      1
    ]
  },
  "vocabulary": {
    "total_tokens": 188250,
    "unique_types": 11368,
    "ttr": 0.0604,
    "hapax_legomena": 5174,
    "hapax_ratio": 0.4551,
    "yules_k": 92.23,
    "honores_r": 2229.1
  },
  "function_words": {
    "frequencies": {
      "the": 35.87,
      "and": 30.91,
      "i": 28.71,
      "to": 22.71,
      "of": 19.55,
      "a": 17.76,
      "that": 13.47,
      "in": 13.29,
      "was": 12.52,
      "it": 12.21,
      "you": 10.12,
      "he": 9.93,
      "had": 9.28,
      "my": 9.11,
      "me": 8.77,
      "his": 8.19,
      "with": 7.74,
      "as": 7.72,
      "at": 7.23,
      "on": 6.21,
      "for": 6.01,
      "said": 5.94,
      "her": 5.14,
      "him": 5.02,
      "have": 4.81,
      "not": 4.79,
      "but": 4.64,
      "be": 4.55,
      "she": 4.04,
      "when": 3.85
    },
    "top_n": 30
  },
  "pos": {
    "tag_distribution": {
      "PUNCT": 0.168,
      "PRON": 0.1358,
      "NOUN": 0.124,
      "VERB": 0.1181,
      "ADP": 0.0969,
      "DET": 0.0682,
      "AUX": 0.0566,
      "ADJ": 0.0489,
      "ADV": 0.0487,
      "CCONJ": 0.0386,
      "PROPN": 0.0354,
      "SCONJ": 0.0298,
      "PART": 0.0226,
      "NUM": 0.0054,
      "INTJ": 0.0029,
      "X": 0.0002
    },
    "adjective_noun_ratio": 0.3066,
    "adverb_density": 4.87,
    "verb_density": 17.47
  },
  "ngrams": {
    "word_bigrams": {
      "of the": 842,
      "in the": 783,
      "i had": 631,
      "that i": 559,
      "i was": 501,
      "and i": 478,
      "it was": 468,
      "to be": 436,
      "on the": 424,
      "to the": 414,
      "at the": 411,
      "in a": 331,
      "when i": 310,
      "miss havisham": 307,
      "and the": 306,
      "with a": 306,
      "to me": 287,
      "that he": 286,
      "he had": 280,
      "do n’t": 279,
      "had been": 275,
      "was a": 268,
      "as i": 266,
      "he was": 259,
      "as if": 258,
      "out of": 251,
      "i could": 238,
      "of his": 234,
      "with the": 231,
      "i have": 230,
      "mr. jaggers": 226,
      "of my": 226,
      "i am": 223,
      "of a": 211,
      "and that": 201,
      "by the": 199,
      "i should": 198,
      "have been": 192,
      "for the": 189,
      "into the": 189,
      "in his": 188,
      "in my": 187,
      "there was": 177,
      "if i": 174,
      "at me": 173,
      "but i": 169,
      "from the": 168,
      "i do": 165,
      "me and": 164,
      "that the": 162
    },
    "word_trigrams": {
      "i do n’t": 116,
      "that i was": 76,
      "as if he": 76,
      "miss havisham ’s": 74,
      "that i had": 73,
      "out of the": 68,
      "said mr. jaggers": 62,
      "do n’t know": 62,
      "i had been": 60,
      "there was a": 59,
      "i should have": 59,
      "i could not": 57,
      "it was a": 57,
      "that it was": 56,
      "that he was": 55,
      "if i had": 54,
      "do n’t you": 43,
      "i was not": 41,
      "looked at me": 41,
      "if he had": 40,
      "when i had": 39,
      "that he had": 38,
      "that i should": 37,
      "when i was": 35,
      "and i had": 34,
      "and that i": 34,
      "to be a": 34,
      "as if it": 34,
      "would have been": 33,
      "i felt that": 32,
      "it was not": 32,
      "that i could": 31,
      "one of the": 31,
      "to me that": 31,
      "was going to": 31,
      "as i had": 30,
      "at the door": 30,
      "looking at me": 30,
      "if he were": 30,
      "which i had": 28,
      "to have been": 28,
      "as if i": 28,
      "mr. jaggers ’s": 27,
      "to miss havisham": 27,
      "what do you": 26,
      "and i was": 26,
      "it ’s a": 26,
      "i had seen": 25,
      "and it was": 25,
      "that there was": 25
    },
    "char_trigrams": {
      " th": 15703,
      "the": 11599,
      "he ": 11077,
      "nd ": 8156,
      "and": 8129,
      " an": 7985,
      " to": 6187,
      "ed ": 6180,
      "ing": 6072,
      " i ": 5647,
      "to ": 5544,
      "at ": 5448,
      "ng ": 5310,
      " ha": 4969,
      " he": 4841,
      " of": 4776,
      ", a": 4616,
      "as ": 4599,
      " in": 4405,
      "of ": 4403,
      "er ": 4394,
      " a ": 3937,
      " wa": 3927,
      "her": 3924,
      "hat": 3824,
      " be": 3610,
      "d t": 3547,
      "tha": 3453,
      "in ": 3372,
      " hi": 3332,
      "is ": 3144,
      " wh": 3103,
      "e t": 3056,
      "re ": 3026,
      " co": 2976,
      "e, ": 2969,
      "you": 2948,
      "was": 2882,
      "on ": 2878,
      " it": 2857,
      "en ": 2843,
      "n t": 2778,
      "ere": 2744,
      " yo": 2684,
      "me ": 2679,
      "his": 2662,
      "e w": 2640,
      " wi": 2627,
      " me": 2554,
      "t t": 2540
    }
  },
  "punctuation": {
    "comma": 92.4,
    "period": 46.83,
    "semicolon": 6.81,
    "colon": 0.57,
    "dash": 0.0,
    "exclamation": 5.34,
    "question": 6.59,
    "ellipsis": 0.0,
    "parenthesis": 2.71,
    "quotation": 42.57
  },
  "contractions": {
    "total": 0,
    "rate_per_1000": 0.0,
    "top_contractions": {}
  },
  "sentence_openers": {
    "top_words": {
      "“": 1829,
      "i": 1036,
      "the": 332,
      "it": 326,
      "he": 317,
      "and": 272,
      "but": 258,
      "when": 159,
      "as": 157,
      "she": 156,
      "you": 151,
      "we": 136,
      "there": 118,
      "this": 109,
      "in": 100,
      "my": 91,
      "mr.": 84,
      "so": 81,
      "that": 80,
      "at": 79
    },
    "pos_distribution": {
      "PRON": 0.3171,
      "PUNCT": 0.221,
      "ADV": 0.0671,
      "CCONJ": 0.0663,
      "SCONJ": 0.0636,
      "DET": 0.0625,
      "ADP": 0.0588,
      "PROPN": 0.0526,
      "VERB": 0.034,
      "AUX": 0.0164,
      "INTJ": 0.0109,
      "NOUN": 0.0091,
      "ADJ": 0.0081,
      "PART": 0.0066,
      "NUM": 0.004,
      "X": 0.0019
    },
    "conjunction_start_rate": 6.6
  },
  "paragraphs": {
    "count": 3644,
    "mean_length": 50.5,
    "median_length": 32.0,
    "one_sentence_ratio": 0.352,
    "top_openers": {
      "i": 262,
      "“i": 229,
      "the": 122,
      "“you": 96,
      "it": 95,
      "he": 76,
      "“and": 75,
      "we": 54,
      "“what": 52,
      "as": 51,
      "when": 49,
      "she": 46,
      "my": 45,
      "mr.": 44,
      "at": 39
    }
  },
  "dialogue": {
    "quoted_word_ratio": 0.502,
    "narration_word_ratio": 0.498,
    "top_attribution_verbs": {
      "say": 2035,
      "know": 251,
      "do": 203,
      "return": 198,
      "go": 169,
      "’": 168,
      "think": 168,
      "ask": 146,
      "have": 126,
      "come": 120,
      "see": 105,
      "tell": 102,
      "look": 88,
      "reply": 82,
      "cry": 80
    }
  },
  "syntax": {
    "mean_tree_depth": 5.03,
    "median_tree_depth": 5.0,
    "stdev_tree_depth": 2.51,
    "tense_distribution": {
      "Past": 0.518,
      "None": 0.272,
      "Pres": 0.21
    },
    "sentence_type_mix": {
      "declarative": 0.927,
      "exclamatory": 0.039,