{
  "document_id": "38701ff56b6a5dac",
  "document_title": "Madame Bovary",
  "segment_id": null,
  "computed_at": "2026-04-12T14:53:11.791173",
  "word_count": 112516,
  "readability": {
    "flesch_reading_ease": 80.92265441371116,
    "flesch_kincaid_grade": 8.692418685806562,
    "gunning_fog": 11.639163033362658,
    "coleman_liau": 10.409069087966923,
    "ari": 11.285954032614804,
    "smog": 11.228597799944072
  },
  "sentences": {
    "count": 8156,
    "mean_length": 17.58,
    "median_length": 12.0,
    "stdev_length": 16.45,
    "skewness": 1.99,
    "min_length": 0,
    "max_length": 159,
    "length_distribution": [
      1525,
      1755,
      1262,
      871,
      714,
      531,
      401,
      318,
      214,
      168,
      102,
      71,
      51,
      48,
      40,
      15,
      17,
      15,
      9,
      10,
      3,
      7,
      4,
      0,
      0,
      1,
      0,
      0,
      1,
      0,
      0,
      3,
      0
    ]
  },
  "vocabulary": {
    "total_tokens": 119884,
    "unique_types": 13288,
    "ttr": 0.1108,
    "hapax_legomena": 6759,
    "hapax_ratio": 0.5087,
    "yules_k": 71.33,
    "honores_r": 2380.05
  },
  "function_words": {
    "frequencies": {
      "de": 30.78,
      "la": 23.61,
      "et": 19.6,
      "le": 16.5,
      "il": 16.23,
      "les": 15.87,
      "elle": 13.14,
      "un": 12.06,
      "des": 11.41,
      "en": 10.82,
      "se": 9.54,
      "une": 8.17,
      "qui": 8.01,
      "dans": 7.94,
      "sa": 5.98,
      "son": 5.81,
      "sur": 5.76,
      "du": 5.66,
      "que": 5.57,
      "lui": 5.26,
      "au": 5.17,
      "ne": 4.92,
      "pas": 4.85,
      "pour": 4.68,
      "comme": 4.65,
      "ses": 4.23,
      "on": 4.2,
      "par": 3.9,
      "tout": 3.82,
      "plus": 3.74
    },
    "top_n": 30
  },
  "pos": {
    "tag_distribution": {
      "NOUN": 0.1871,
      "PUNCT": 0.1591,
      "ADP": 0.1177,
      "VERB": 0.1127,
      "DET": 0.1098,
      "PRON": 0.0984,
      "ADV": 0.063,
      "ADJ": 0.055,
      "PROPN": 0.0298,
      "CCONJ": 0.0272,
      "AUX": 0.0207,
      "SCONJ": 0.0128,
      "NUM": 0.0049,
      "X": 0.0016,
      "SYM": 0.0001,
      "INTJ": 0.0
    },
    "adjective_noun_ratio": 0.2536,
    "adverb_density": 6.3,
    "verb_density": 13.34
  },
  "ngrams": {
    "word_bigrams": {
      "de la": 588,
      "qu’ il": 367,
      "à la": 365,
      "d’ un": 308,
      "de l’": 280,
      "qu’ elle": 267,
      "dans la": 241,
      "d’ une": 222,
      "c’ est": 210,
      "de sa": 210,
      "à l’": 207,
      "elle se": 200,
      "sur la": 189,
      "c’ était": 185,
      "de son": 181,
      "et il": 180,
      "il se": 173,
      "dans les": 151,
      "sur le": 148,
      "il y": 148,
      "l’ on": 144,
      "et les": 142,
      "dans l’": 134,
      "de ses": 131,
      "dans le": 130,
      "et elle": 130,
      "il ne": 122,
      "et de": 121,
      "il s’": 118,
      "sur les": 117,
      "elle s’": 117,
      "tous les": 114,
      "et le": 114,
      "s’ en": 113,
      "il n’": 109,
      "elle avait": 109,
      "et la": 106,
      "il avait": 103,
      "madame bovary": 102,
      "que l’": 101,
      "y avait": 100,
      "comme un": 97,
      "tout à": 94,
      "un peu": 93,
      "l’ autre": 90,
      "et l’": 87,
      "dans sa": 85,
      "n’ y": 84,
      "j’ ai": 83,
      "qui se": 83
    },
    "word_trigrams": {
      "il y avait": 80,
      "que l’ on": 73,
      "tout à coup": 58,
      "se mit à": 46,
      "de temps à": 45,
      "temps à autre": 45,
      "qu’ elle avait": 42,
      "il n’ y": 40,
      "quelque chose de": 32,
      "qu’ il ne": 32,
      "ce qu’ il": 31,
      "ce n’ est": 31,
      "et l’ on": 31,
      "il y a": 31,
      "qu’ il avait": 30,
      "de l’ autre": 29,
      "d’ une voix": 26,
      "qu’ il n’": 26,
      "sur la place": 25,
      "n’ est -ce": 25,
      "est -ce pas": 25,
      "à la fois": 25,
      "n’ était pas": 25,
      "où l’ on": 25,
      "n’ est pas": 24,
      "il n’ avait": 24,
      "c’ était un": 24,
      "d’ un air": 23,
      "le père rouault": 22,
      "peu à peu": 22,
      "qu’ il y": 22,
      "à l’ heure": 21,
      "lion d’ or": 21,
      "c’ est à": 21,
      "ce qu’ elle": 21,
      "c’ était le": 21,
      "tout à l’": 20,
      "dans la salle": 20,
      "autour d’ elle": 20,
      "est -ce que": 20,
      "n’ y avait": 18,
      "n’ avait pas": 18,
      "et il se": 17,
      "tout le monde": 17,
      "jusqu’ à la": 17,
      "à tous les": 17,
      "dans sa chambre": 17,
      "s’ écria -t": 16,
      "de l’ église": 16,
      "au milieu de": 16
    },
    "char_trigrams": {
      "es ": 7763,
      " de": 7172,
      "it ": 6043,
      "ait": 5758,
      " le": 5257,
      "le ": 5197,
      "de ": 4712,
      "ent": 4147,
      "nt ": 4016,
      " qu": 3910,
      " la": 3762,
      "lle": 3702,
      "e, ": 3565,
      "la ": 3562,
      "les": 3378,
      "s, ": 3089,
      "e d": 3045,
      " co": 2924,
      "e l": 2910,
      " se": 2839,
      " et": 2812,
      "et ": 2749,
      "e s": 2707,
      "ell": 2703,
      "re ": 2631,
      " pa": 2624,
      "il ": 2558,
      "ant": 2550,
      "s d": 2524,
      "ne ": 2435,
      "t d": 2399,
      " à ": 2392,
      " en": 2385,
      "que": 2383,
      "on ": 2340,
      "our": 2308,
      "ur ": 2284,
      " un": 2245,
      " il": 2136,
      "ns ": 2108,
      "t l": 2087,
      " so": 2086,
      "e p": 2073,
      "des": 2040,
      " l’": 2019,
      "s l": 2001,
      " ma": 1994,
      ", e": 1989,
      "en ": 1968,
      "ien": 1961
    }
  },
  "punctuation": {
    "comma": 110.12,
    "period": 55.47,
    "semicolon": 12.5,
    "colon": 4.27,
    "dash": 0.0,
    "exclamation": 13.46,
    "question": 4.71,
    "ellipsis": 3.64,
    "parenthesis": 1.0,
    "quotation": 0.0
  },
  "contractions": {
    "total": 0,
    "rate_per_1000": 0.0,
    "top_contractions": {}
  },
  "sentence_openers": {
    "top_words": {
      "—": 1007,
      "il": 745,
      "elle": 601,
      "et": 393,
      "mais": 232,
      "le": 220,
      "la": 167,
      "on": 165,
      "puis": 165,
      "c’": 163,
      "les": 156,
      "ah": 125,
      "emma": 124,
      "ils": 108,
      ",": 94,
      "je": 89,
      "un": 88,
      "ce": 86,
      "l’": 77,
      "tu": 70
    },
    "pos_distribution": {
      "PRON": 0.2642,
      "DET": 0.1349,
      "PUNCT": 0.1342,
      "CCONJ": 0.1032,
      "ADV": 0.0808,
      "PROPN": 0.0687,
      "NOUN": 0.0673,
      "ADP": 0.0494,
      "VERB": 0.0427,
      "ADJ": 0.0291,
      "SCONJ": 0.0167,
      "NUM": 0.0036,
      "AUX": 0.0028,
      "X": 0.0017,
      "INTJ": 0.0006
    },
    "conjunction_start_rate": 10.3
  },
  "paragraphs": {
    "count": 2825,
    "mean_length": 39.6,
    "median_length": 22.0,
    "one_sentence_ratio": 0.283,
    "top_openers": {
      "—": 1091,
      "il": 172,
      "elle": 165,
      "et": 112,
      "le": 92,
      "et,": 54,
      "mais": 50,
      "la": 50,
      "charles": 41,
      "emma": 41,
      "ils": 35,
      "un": 34,
      "alors": 32,
      "quand": 31,
      "les": 31
    }
  },
  "dialogue": {
    "quoted_word_ratio": 0.393,
    "narration_word_ratio": 0.607,
    "top_attribution_verbs": {
      "avoir": 5,
      "dire": 4,
      "ajouter": 3,
      "recevoir": 3,
      "trouver": 2,
      "écrire": 2,
      "inventer": 2,
      "reprendre": 2,
      "rester": 2,
      "—": 2,
      "parler": 2,
      "répéter": 2,
      "oublier": 2,
      "faire": 2,
      "opérer": 2
    }
  },
  "syntax": {
    "mean_tree_depth": 3.44,
    "median_tree_depth": 3.0,
    "stdev_tree_depth": 2.02,
    "tense_distribution": {
      "Imp": 0.3,
      "Pres": 0.287,
      "Past": 0.223,
      "None": 0.166,
      "Fut": 0.023
    },
    "sentence_type_mix": {
      "exclamatory": 0.146,
      "declarative": 0.802,
      "interrogative": 0.052
    }
  }
}