{
  "document_id": "6ad61895ee721288",
  "document_title": "Emma",
  "segment_id": null,
  "computed_at": "2026-04-12T14:40:06.609120",
  "word_count": 157558,
  "readability": {
    "flesch_reading_ease": 69.46353903703711,
    "flesch_kincaid_grade": 7.7572420493820715,
    "gunning_fog": 9.767817959930515,
    "coleman_liau": 7.683486506385034,
    "ari": 8.523355785361804,
    "smog": 10.168409401339822
  },
  "sentences": {
    "count": 6910,
    "mean_length": 27.42,
    "median_length": 20.0,
    "stdev_length": 24.77,
    "skewness": 2.63,
    "min_length": 1,
    "max_length": 266,
    "length_distribution": [
      218,
      1120,
      1158,
      907,
      725,
      515,
      446,
      346,
      297,
      231,
      169,
      137,
      108,
      102,
      90,
      72,
      52,
      38,
      23,
      26,
      19,
      15,
      9,
      15,
      8,
      10,
      6,
      9,
      5,
      9,
      0,
      1,
      2,
      3,
      1,
      4,
      1,
      1,
      0,
      1,
      2,
      3,
      1,
      0,
      0,
      0,
      1,
      0,
      0,
      0,
      1,
      1,
      1,
      1,
      0
    ]
  },
  "vocabulary": {
    "total_tokens": 160566,
    "unique_types": 8638,
    "ttr": 0.0538,
    "hapax_legomena": 4298,
    "hapax_ratio": 0.4976,
    "yules_k": 77.91,
    "honores_r": 2385.69
  },
  "function_words": {
    "frequencies": {
      "to": 27.57,
      "the": 27.16,
      "and": 25.35,
      "of": 22.58,
      "a": 16.35,
      "i": 15.88,
      "her": 12.92,
      "it": 12.79,
      "was": 12.58,
      "not": 12.0,
      "she": 11.93,
      "in": 11.44,
      "be": 10.39,
      "you": 10.13,
      "that": 9.48,
      "he": 9.25,
      "had": 8.55,
      "as": 7.57,
      "but": 7.08,
      "for": 7.01,
      "have": 6.96,
      "is": 6.51,
      "with": 6.38,
      "very": 6.29,
      "his": 5.98,
      "at": 5.42,
      "so": 5.01,
      "all": 4.43,
      "could": 4.38,
      "would": 4.32
    },
    "top_n": 30
  },
  "pos": {
    "tag_distribution": {
      "PUNCT": 0.1499,
      "PRON": 0.1256,
      "NOUN": 0.1144,
      "VERB": 0.1067,
      "ADP": 0.0854,
      "AUX": 0.0816,
      "DET": 0.0631,
      "ADV": 0.0629,
      "ADJ": 0.0593,
      "PROPN": 0.0499,
      "CCONJ": 0.0359,
      "PART": 0.0336,
      "SCONJ": 0.0235,
      "NUM": 0.0049,
      "INTJ": 0.0031,
      "X": 0.0002,
      "SYM": 0.0
    },
    "adjective_noun_ratio": 0.3607,
    "adverb_density": 6.29,
    "verb_density": 18.83
  },
  "ngrams": {
    "word_bigrams": {
      "to be": 605,
      "of the": 562,
      "in the": 444,
      "it was": 422,
      "i am": 370,
      "she had": 323,
      "she was": 314,
      "had been": 307,
      "it is": 288,
      "could not": 278,
      "mr. knightley": 277,
      "i have": 269,
      "of her": 261,
      "mrs. weston": 245,
      "have been": 240,
      "to the": 237,
      "he had": 236,
      "do not": 229,
      "mr. elton": 218,
      "would be": 217,
      "and the": 216,
      "he was": 215,
      "a very": 201,
      "such a": 191,
      "to her": 189,
      "of his": 189,
      "that she": 185,
      "that he": 182,
      "must be": 182,
      "to have": 181,
      "and i": 180,
      "did not": 180,
      "in a": 179,
      "i do": 173,
      "for the": 169,
      "all the": 168,
      "was not": 163,
      "not be": 163,
      "she could": 162,
      "any thing": 162,
      "mr. weston": 162,
      "will be": 157,
      "miss woodhouse": 157,
      "on the": 151,
      "a little": 151,
      "of a": 148,
      "was a": 147,
      "of it": 146,
      "but i": 146,
      "would not": 146
    },
    "word_trigrams": {
      "i do not": 129,
      "i am sure": 98,
      "she could not": 68,
      "a great deal": 64,
      "i can not": 64,
      "it would be": 61,
      "would have been": 58,
      "do not know": 54,
      "she had been": 52,
      "it was not": 52,
      "it was a": 50,
      "in the world": 48,
      "mr. frank churchill": 46,
      "could not be": 45,
      "i dare say": 45,
      "i assure you": 40,
      "and mrs. weston": 38,
      "mr. and mrs.": 38,
      "it will be": 38,
      "it is not": 37,
      "it must be": 35,
      "as well as": 35,
      "she did not": 35,
      "emma could not": 34,
      "mr. elton ’s": 34,
      "i have not": 34,
      "there was no": 33,
      "would not have": 33,
      "that he had": 33,
      "i have been": 33,
      "was to be": 32,
      "i have no": 32,
      "i could not": 32,
      "on the subject": 31,
      "not at all": 31,
      "ought to be": 30,
      "she was not": 30,
      "it is a": 30,
      "mrs. goddard ’s": 30,
      "he had been": 30,
      "he could not": 30,
      "would be a": 29,
      "that she had": 29,
      "there was a": 29,
      "of her own": 29,
      "in love with": 29,
      "he did not": 29,
      "i am not": 29,
      "but it was": 27,
      "i am very": 27
    },
    "char_trigrams": {
      " th": 11550,
      "he ": 9205,
      "the": 8689,
      " an": 5931,
      " to": 5849,
      "nd ": 5674,
      "and": 5481,
      "to ": 5292,
      "ing": 5258,
      " he": 5171,
      "her": 5022,
      "er ": 4941,
      " ha": 4700,
      " of": 4534,
      " be": 4470,
      "ng ": 4422,
      "of ": 4232,
      "ed ": 4065,
      "as ": 4014,
      "at ": 3620,
      " no": 3542,
      " in": 3496,
      " co": 3110,
      " wa": 3105,
      " sh": 3091,
      " a ": 3042,
      "re ": 3003,
      "ver": 2829,
      "is ": 2773,
      "not": 2738,
      "you": 2644,
      "she": 2593,
      ", a": 2551,
      " i ": 2548,
      " it": 2507,
      "e t": 2466,
      "in ": 2451,
      "on ": 2449,
      " yo": 2445,
      " wi": 2435,
      "was": 2405,
      "hat": 2399,
      "e w": 2374,
      "d t": 2330,
      "ll ": 2324,
      "ly ": 2312,
      "tha": 2305,
      "ld ": 2304,
      " hi": 2302,
      "for": 2279
    }
  },
  "punctuation": {
    "comma": 76.29,
    "period": 56.73,
    "semicolon": 14.93,
    "colon": 1.1,
    "dash": 0.0,
    "exclamation": 6.75,
    "question": 3.94,
    "ellipsis": 0.07,
    "parenthesis": 1.36,
    "quotation": 26.59
  },
  "contractions": {
    "total": 0,
    "rate_per_1000": 0.0,
    "top_contractions": {}
  },
  "sentence_openers": {
    "top_words": {
      "“": 987,
      "i": 669,
      "she": 482,
      "he": 368,
      "it": 299,
      "the": 292,
      "but": 198,
      "emma": 189,
      "you": 182,
      "mr.": 178,
      "and": 162,
      "they": 123,
      "there": 97,
      "a": 95,
      "mrs.": 93,
      "her": 81,
      "this": 78,
      "if": 76,
      "my": 65,
      "harriet": 64
    },
    "pos_distribution": {
      "PRON": 0.3936,
      "PUNCT": 0.1517,
      "PROPN": 0.1203,
      "DET": 0.0741,
      "CCONJ": 0.0544,
      "SCONJ": 0.0408,
      "ADV": 0.033,
      "ADP": 0.0324,
      "VERB": 0.021,
      "INTJ": 0.0208,
      "AUX": 0.0201,
      "ADJ": 0.014,
      "NOUN": 0.012,
      "PART": 0.0056,
      "NUM": 0.0055,
      "X": 0.0006
    },
    "conjunction_start_rate": 5.4
  },
  "paragraphs": {
    "count": 2291,
    "mean_length": 68.7,
    "median_length": 46.0,
    "one_sentence_ratio": 0.297,
    "top_openers": {
      "“i": 214,
      "emma": 121,
      "the": 88,
      "“oh!": 79,
      "“you": 77,
      "she": 70,
      "mr.": 64,
      "he": 56,
      "“and": 43,
      "“it": 40,
      "“my": 39,
      "it": 36,
      "“but": 34,
      "mrs.": 32,
      "harriet": 32
    }
  },
  "dialogue": {
    "quoted_word_ratio": 0.504,
    "narration_word_ratio": 0.496,
    "top_attribution_verbs": {
      "say": 554,
      "cry": 135,
      "have": 121,
      "think": 112,
      "reply": 107,
      "do": 75,
      "know": 70,
      "be": 43,
      "come": 41,
      "see": 41,
      "continue": 39,
      "hope": 37,
      "look": 37,
      "go": 36,
      "hear": 35
    }
  },
  "syntax": {
    "mean_tree_depth": 5.03,
    "median_tree_depth": 5.0,
    "stdev_tree_depth": 2.57,