{
  "document_id": "f9544c4c28388b5e",
  "document_title": "The Adventures of Sherlock Holmes",
  "segment_id": null,
  "computed_at": "2026-04-12T14:42:41.324681",
  "word_count": 104506,
  "readability": {
    "flesch_reading_ease": 77.82666935570347,
    "flesch_kincaid_grade": 6.382000499802167,
    "gunning_fog": 8.599385461815412,
    "coleman_liau": 6.3332254822189284,
    "ari": 7.069525743569265,
    "smog": 9.06599378292214
  },
  "sentences": {
    "count": 5800,
    "mean_length": 22.01,
    "median_length": 19.0,
    "stdev_length": 14.35,
    "skewness": 1.32,
    "min_length": 1,
    "max_length": 121,
    "length_distribution": [
      230,
      883,
      944,
      937,
      781,
      566,
      443,
      364,
      222,
      142,
      114,
      56,
      36,
      24,
      19,
      18,
      8,
      3,
      5,
      1,
      1,
      1,
      1,
      0,
      1,
      0
    ]
  },
  "vocabulary": {
    "total_tokens": 105948,
    "unique_types": 7933,
    "ttr": 0.0749,
    "hapax_legomena": 3543,
    "hapax_ratio": 0.4466,
    "yules_k": 93.57,
    "honores_r": 2090.9
  },
  "function_words": {
    "frequencies": {
      "the": 44.09,
      "and": 23.62,
      "i": 23.54,
      "to": 21.49,
      "of": 20.8,
      "a": 20.66,
      "in": 13.83,
      "that": 13.72,
      "it": 13.58,
      "you": 11.72,
      "he": 11.59,
      "was": 11.06,
      "his": 9.08,
      "is": 8.84,
      "my": 7.89,
      "have": 7.22,
      "as": 6.67,
      "had": 6.52,
      "with": 6.5,
      "which": 6.04,
      "at": 6.02,
      "for": 5.69,
      "not": 5.38,
      "but": 5.09,
      "me": 4.97,
      "be": 4.91,
      "we": 4.15,
      "there": 4.03,
      "from": 3.89,
      "this": 3.81
    },
    "top_n": 30
  },
  "pos": {
    "tag_distribution": {
      "PUNCT": 0.169,
      "NOUN": 0.1325,
      "PRON": 0.1324,
      "VERB": 0.1067,
      "ADP": 0.0924,
      "DET": 0.08,
      "AUX": 0.0636,
      "ADJ": 0.0524,
      "ADV": 0.0484,
      "PROPN": 0.0314,
      "CCONJ": 0.031,
      "SCONJ": 0.0292,
      "PART": 0.0192,
      "NUM": 0.0075,
      "INTJ": 0.0038,
      "SYM": 0.0003,
      "X": 0.0001
    },
    "adjective_noun_ratio": 0.3197,
    "adverb_density": 4.84,
    "verb_density": 17.03
  },
  "ngrams": {
    "word_bigrams": {
      "of the": 714,
      "in the": 506,
      "it is": 335,
      "to the": 304,
      "i have": 299,
      "it was": 279,
      "that i": 257,
      "at the": 237,
      "and i": 215,
      "and the": 199,
      "to be": 199,
      "upon the": 196,
      "i was": 187,
      "with a": 184,
      "i am": 181,
      "of a": 169,
      "i had": 169,
      "was a": 160,
      "that he": 154,
      "that the": 152,
      "he was": 152,
      "on the": 143,
      "said he": 141,
      "is a": 141,
      "with the": 139,
      "in a": 138,
      "from the": 136,
      "you have": 134,
      "to me": 134,
      "of his": 131,
      "have been": 130,
      "he had": 129,
      "into the": 126,
      "by the": 124,
      "and a": 122,
      "in his": 120,
      "that it": 119,
      "as i": 118,
      "had been": 115,
      "said holmes": 111,
      "for the": 109,
      "that you": 108,
      "there was": 106,
      "there is": 106,
      "which i": 103,
      "but i": 103,
      "i should": 99,
      "a little": 99,
      "i shall": 98,
      "sherlock holmes": 94
    },
    "word_trigrams": {
      "one of the": 49,
      "it was a": 45,
      "i think that": 45,
      "it is a": 45,
      "i can not": 37,
      "that it was": 37,
      "out of the": 36,
      "that i have": 35,
      "i do not": 34,
      "there was a": 34,
      "that it is": 33,
      "that he was": 29,
      "that he had": 29,
      "that i was": 28,
      "lord st. simon": 28,
      "in front of": 27,
      "that i had": 27,
      "i have no": 27,
      "it would be": 25,
      "think that i": 25,
      "i could not": 25,
      "i have been": 25,
      "there was no": 24,
      "to be a": 24,
      "there is a": 24,
      "in the morning": 23,
      "what do you": 23,
      "which i have": 22,
      "a man who": 22,
      "and i have": 22,
      "that i am": 21,
      "that she had": 20,
      "to me to": 20,
      "at the time": 20,
      "it is not": 20,
      "upon the table": 20,
      "that you have": 20,
      "that he is": 19,
      "no doubt that": 19,
      "as to the": 19,
      "he was a": 19,
      "i shall be": 19,
      "i am sure": 18,
      "i could see": 18,
      "to me that": 18,
      "side of the": 18,
      "that there is": 18,
      "which he had": 18,
      "up and down": 17,
      "that you will": 17
    },
    "char_trigrams": {
      " th": 9987,
      "the": 7782,
      "he ": 7357,
      "nd ": 3692,
      " an": 3628,
      "and": 3573,
      "ed ": 3280,
      " to": 3126,
      "at ": 3017,
      "to ": 2944,
      " of": 2793,
      "ing": 2762,
      " ha": 2744,
      "is ": 2704,
      " in": 2663,
      "of ": 2655,
      " a ": 2592,
      " i ": 2533,
      "as ": 2529,
      " he": 2478,
      "ng ": 2372,
      "er ": 2296,
      "hat": 2251,
      " wh": 2156,
      "you": 2055,
      "her": 2042,
      "in ": 1972,
      " wa": 1957,
      "tha": 1949,
      "re ": 1929,
      "e t": 1919,
      " be": 1907,
      " yo": 1861,
      ", a": 1809,
      "d t": 1787,
      " hi": 1729,
      "his": 1696,
      " it": 1677,
      "n t": 1626,
      " co": 1603,
      " wi": 1601,
      "ere": 1587,
      "t t": 1539,
      "e s": 1539,
      "e a": 1536,
      "it ": 1524,
      "en ": 1521,
      "t i": 1516,
      "on ": 1485,
      "e w": 1463
    }
  },
  "punctuation": {
    "comma": 73.29,
    "period": 59.4,
    "semicolon": 1.93,
    "colon": 0.54,
    "dash": 0.0,
    "exclamation": 3.31,
    "question": 7.06,
    "ellipsis": 0.0,
    "parenthesis": 0.1,
    "quotation": 48.7
  },
  "contractions": {
    "total": 0,
    "rate_per_1000": 0.0,
    "top_contractions": {}
  },
  "sentence_openers": {
    "top_words": {
      "“": 1698,
      "i": 653,
      "he": 302,
      "it": 295,
      "the": 257,
      "you": 131,
      "there": 125,
      "but": 105,
      "she": 94,
      "and": 91,
      "we": 86,
      "then": 78,
      "a": 71,
      "as": 70,
      "‘": 58,
      "my": 55,
      "in": 53,
      "this": 51,
      "if": 50,
      "his": 49
    },
    "pos_distribution": {
      "PRON": 0.3484,
      "PUNCT": 0.3033,
      "DET": 0.0716,
      "ADV": 0.0584,
      "ADP": 0.0434,
      "CCONJ": 0.0357,
      "PROPN": 0.0341,
      "SCONJ": 0.0331,
      "VERB": 0.0217,
      "AUX": 0.0169,
      "INTJ": 0.0098,
      "NUM": 0.0076,
      "NOUN": 0.0074,
      "ADJ": 0.0069,
      "PART": 0.0014,
      "X": 0.0002
    },
    "conjunction_start_rate": 3.6
  },
  "paragraphs": {
    "count": 2287,
    "mean_length": 45.4,
    "median_length": 25.0,
    "one_sentence_ratio": 0.343,
    "top_openers": {
      "“i": 227,
      "“it": 83,
      "“you": 83,
      "“and": 77,
      "“well,": 60,
      "“the": 60,
      "“but": 58,
      "“oh,": 53,
      "the": 50,
      "“yes,": 46,
      "i": 37,
      "“then": 37,
      "“no,": 36,
      "“what": 33,
      "“that": 33
    }
  },
  "dialogue": {
    "quoted_word_ratio": 0.519,
    "narration_word_ratio": 0.481,
    "top_attribution_verbs": {
      "say": 688,
      "have": 183,
      "see": 112,
      "do": 110,
      "ask": 108,
      "cry": 98,
      "think": 97,
      "know": 84,
      "remark": 84,
      "come": 81,
      "answer": 66,
      "be": 65,
      "’": 54,
      "go": 50,
      "tell": 44
    }
  },
  "syntax": {
    "mean_tree_depth": 4.89,
    "median_tree_depth": 5.0,
    "stdev_tree_depth": 2.5,
    "tense_distribution": {
      "Past": 0.45,
      "None": 0.293,
      "Pres": 0.256
    },
    "sentence_type_mix": {
      "declarative": 0.949,
      "exclamatory": 0.027,
      "interrogative": 0.023
    }
  }
}