{
  "document_id": "1311e14e3576ced8",
  "document_title": "The Picture of Dorian Gray",
  "segment_id": null,
  "computed_at": "2026-04-12T14:41:46.321332",
  "word_count": 78979,
  "readability": {
    "flesch_reading_ease": 80.09194634156553,
    "flesch_kincaid_grade": 5.231372847843719,
    "gunning_fog": 7.402338354122865,
    "coleman_liau": 6.221224593174195,
    "ari": 5.689332715089421,
    "smog": 8.531339769884813
  },
  "sentences": {
    "count": 6038,
    "mean_length": 16.0,
    "median_length": 12.0,
    "stdev_length": 14.63,
    "skewness": 9.66,
    "min_length": 1,
    "max_length": 517,
    "length_distribution": [
      290,
      1774,
      1532,
      933,
      532,
      336,
      218,
      145,
      84,
      60,
      42,
      25,
      13,
      14,
      9,
      3,
      2,
      1,
      4,
      1,
      4,
      3,
      0,
      0,
      1,
      1,
      1,
      1,
      1,
      1,
      0,
      3,
      0,
      0,
      2,
      0,
      0,
      0,
      0,
      0,
      0,
      0,
      0,
      0,
      0,
      0,
      1,
      0,
      0,
      0,
      0,
      0,
      0,
      0,
      0,
      0,
      0,
      0,
      0,
      0,
      0,
      0,
      0,
      0,
      0,
      0,
      0,
      0,
      0,
      0,
      0,
      0,
      0,
      0,
      0,
      0,
      0,
      0,
      0,
      0,
      0,
      0,
      0,
      0,
      0,
      0,
      0,
      0,
      0,
      0,
      0,
      0,
      0,
      0,
      0,
      0,
      0,
      0,
      0,
      0,
      0,
      0,
      0,
      1,
      0
    ]
  },
  "vocabulary": {
    "total_tokens": 80441,
    "unique_types": 6822,
    "ttr": 0.0848,
    "hapax_legomena": 3261,
    "hapax_ratio": 0.478,
    "yules_k": 85.37,
    "honores_r": 2163.9
  },
  "function_words": {
    "frequencies": {
      "the": 39.02,
      "and": 22.87,
      "of": 22.51,
      "to": 21.75,
      "i": 17.52,
      "a": 17.28,
      "he": 15.94,
      "you": 14.94,
      "that": 14.08,
      "it": 13.89,
      "in": 12.51,
      "was": 11.27,
      "his": 10.29,
      "is": 9.47,
      "had": 8.63,
      "him": 6.84,
      "with": 6.82,
      "for": 6.08,
      "as": 5.92,
      "at": 5.82,
      "have": 5.82,
      "me": 5.4,
      "not": 5.23,
      "be": 4.69,
      "her": 4.54,
      "do": 4.53,
      "one": 4.51,
      "she": 4.46,
      "what": 4.13,
      "but": 4.1
    },
    "top_n": 30
  },
  "pos": {
    "tag_distribution": {
      "PUNCT": 0.1661,
      "PRON": 0.1394,
      "NOUN": 0.1328,
      "VERB": 0.1168,
      "ADP": 0.0897,
      "DET": 0.0698,
      "AUX": 0.0657,
      "ADJ": 0.0589,
      "ADV": 0.0437,
      "PROPN": 0.0347,
      "CCONJ": 0.0297,
      "PART": 0.0227,
      "SCONJ": 0.021,
      "NUM": 0.0062,
      "INTJ": 0.0028,
      "X": 0.0001,
      "SYM": 0.0
    },
    "adjective_noun_ratio": 0.3514,
    "adverb_density": 4.37,
    "verb_density": 18.26
  },
  "ngrams": {
    "word_bigrams": {
      "of the": 403,
      "in the": 285,
      "do n’t": 253,
      "it is": 235,
      "it was": 232,
      "i am": 227,
      "lord henry": 226,
      "he had": 215,
      "to be": 175,
      "to the": 171,
      "he was": 160,
      "dorian gray": 152,
      "and the": 151,
      "i have": 147,
      "at the": 141,
      "on the": 140,
      "you are": 132,
      "to him": 127,
      "that he": 120,
      "of his": 115,
      "had been": 114,
      "in a": 108,
      "i do": 107,
      "you have": 105,
      "of a": 105,
      "with a": 104,
      "there was": 104,
      "in his": 100,
      "to me": 99,
      "as he": 98,
      "that is": 95,
      "that i": 92,
      "was a": 89,
      "seemed to": 89,
      "is the": 85,
      "for a": 79,
      "from the": 78,
      "that the": 77,
      "but i": 73,
      "the world": 71,
      "his own": 70,
      "there is": 70,
      "is a": 68,
      "and i": 68,
      "one of": 67,
      "you must": 66,
      "that you": 64,
      "to you": 64,
      "that was": 63,
      "my dear": 62
    },
    "word_trigrams": {
      "i do n’t": 96,
      "that he had": 52,
      "said lord henry": 47,
      "you do n’t": 42,
      "do n’t know": 36,
      "i ca n’t": 31,
      "for a moment": 30,
      "one of the": 29,
      "there was a": 28,
      "seemed to him": 27,
      "it was a": 27,
      "he had been": 25,
      "i am afraid": 23,
      "there is no": 22,
      "do n’t want": 22,
      "it is not": 21,
      "there was something": 20,
      "it is the": 20,
      "i am not": 20,
      "in front of": 20,
      "that he was": 19,
      "it is a": 19,
      "it seemed to": 19,
      "n’t know what": 19,
      "of his own": 18,
      "do n’t think": 18,
      "i am going": 16,
      "my dear fellow": 16,
      "to do with": 16,
      "in the world": 16,
      "there was no": 16,
      "he would be": 16,
      "i have not": 16,
      "that is all": 16,
      "and began to": 15,
      "lord henry had": 15,
      "shook his head": 15,
      "out of the": 15,
      "now and then": 15,
      "a few moments": 15,
      "looked at him": 15,
      "that it is": 15,
      "i want to": 15,
      "over to the": 14,
      "he felt that": 14,
      "that i am": 14,
      "is one of": 14,
      "what do you": 14,
      "at any rate": 14,
      "of course i": 14
    },
    "char_trigrams": {
      " th": 7356,
      "he ": 5732,
      "the": 5385,
      "ed ": 2861,
      " an": 2764,
      "nd ": 2602,
      " he": 2553,
      "and": 2531,
      " to": 2448,
      "ing": 2373,
      "at ": 2354,
      " ha": 2267,
      " of": 2247,
      "to ": 2188,
      "of ": 2168,
      "is ": 2012,
      "ng ": 1931,
      " hi": 1868,
      "hat": 1842,
      "you": 1818,
      "as ": 1805,
      " in": 1749,
      " yo": 1681,
      " a ": 1651,
      "er ": 1618,
      "tha": 1510,
      " wa": 1486,
      "e t": 1477,
      "re ": 1471,
      " be": 1461,
      " it": 1434,
      "d t": 1405,
      " i ": 1385,
      "in ": 1377,
      ", a": 1301,
      "her": 1294,
      "e w": 1268,
      " wh": 1265,
      "ou ": 1210,
      "ere": 1207,
      "it ": 1196,
      "his": 1187,
      "e s": 1171,
      " do": 1156,
      " wi": 1139,
      "t t": 1112,
      "was": 1099,
      "en ": 1089,
      "e a": 1075,
      "t i": 1036
    }
  },
  "punctuation": {
    "comma": 68.35,
    "period": 73.75,
    "semicolon": 1.98,
    "colon": 0.47,
    "dash": 0.0,
    "exclamation": 4.93,
    "question": 7.28,
    "ellipsis": 0.51,
    "parenthesis": 0.0,
    "quotation": 38.95
  },
  "contractions": {
    "total": 0,
    "rate_per_1000": 0.0,
    "top_contractions": {}
  },
  "sentence_openers": {
    "top_words": {
      "“": 1036,
      "i": 550,
      "he": 514,
      "the": 393,
      "it": 321,
      "you": 243,
      "she": 173,
      "but": 152,
      "there": 132,
      "they": 113,
      "and": 93,
      "what": 92,
      "a": 91,
      "as": 79,
      "when": 76,
      "dorian": 62,
      "his": 60,
      "then": 59,
      "if": 56,
      "in": 55
    },
    "pos_distribution": {
      "PRON": 0.4053,
      "PUNCT": 0.1726,
      "DET": 0.0946,
      "SCONJ": 0.053,
      "ADV": 0.0494,
      "CCONJ": 0.0462,
      "PROPN": 0.0431,
      "ADP": 0.0374,
      "AUX": 0.022,
      "VERB": 0.0209,
      "NOUN": 0.019,
      "INTJ": 0.0152,
      "ADJ": 0.0126,
      "NUM": 0.0055,
      "PART": 0.0033
    },
    "conjunction_start_rate": 4.6
  },
  "paragraphs": {
    "count": 1429,
    "mean_length": 55.1,
    "median_length": 30.0,
    "one_sentence_ratio": 0.257,
    "top_openers": {
      "“i": 171,
      "“you": 71,
      "the": 65,
      "he": 62,
      "dorian": 52,
      "“it": 33,
      "“my": 32,
      "lord": 30,
      "“what": 25,
      "as": 23,
      "she": 23,
      "“oh,": 18,
      "after": 18,
      "“well,": 17,
      "“that": 17
    }
  },
  "dialogue": {
    "quoted_word_ratio": 0.478,
    "narration_word_ratio": 0.522,
    "top_attribution_verbs": {
      "say": 310,