{
  "document_id": "0edcc651880623e0",
  "document_title": "Les Misérables Tome I",
  "segment_id": null,
  "computed_at": "2026-04-12T14:51:46.990765",
  "word_count": 110076,
  "readability": {
    "flesch_reading_ease": 85.80193536053787,
    "flesch_kincaid_grade": 7.26327355073218,
    "gunning_fog": 10.109091629987255,
    "coleman_liau": 9.302355795001318,
    "ari": 9.395693056542104,
    "smog": 10.229632365833492
  },
  "sentences": {
    "count": 8065,
    "mean_length": 17.09,
    "median_length": 12.0,
    "stdev_length": 16.69,
    "skewness": 3.36,
    "min_length": 0,
    "max_length": 250,
    "length_distribution": [
      1035,
      2108,
      1548,
      996,
      698,
      485,
      330,
      237,
      150,
      115,
      73,
      60,
      59,
      35,
      31,
      15,
      23,
      16,
      7,
      11,
      4,
      4,
      2,
      6,
      4,
      3,
      0,
      2,
      1,
      1,
      1,
      0,
      0,
      0,
      0,
      0,
      0,
      0,
      0,
      1,
      0,
      0,
      1,
      0,
      0,
      0,
      1,
      1,
      0,
      0,
      1
    ]
  },
  "vocabulary": {
    "total_tokens": 118828,
    "unique_types": 12580,
    "ttr": 0.1059,
    "hapax_legomena": 6663,
    "hapax_ratio": 0.5297,
    "yules_k": 70.53,
    "honores_r": 2484.41
  },
  "function_words": {
    "frequencies": {
      "de": 32.29,
      "la": 22.0,
      "il": 21.46,
      "et": 21.17,
      "le": 18.26,
      "un": 13.05,
      "les": 11.03,
      "que": 9.63,
      "une": 9.49,
      "qui": 9.23,
      "en": 8.52,
      "dans": 8.2,
      "est": 8.03,
      "des": 6.86,
      "ce": 6.66,
      "pas": 6.31,
      "se": 6.23,
      "ne": 6.07,
      "on": 5.46,
      "elle": 5.28,
      "du": 5.16,
      "je": 4.93,
      "lui": 4.83,
      "sa": 4.61,
      "pour": 4.47,
      "son": 4.42,
      "vous": 4.26,
      "au": 4.21,
      "a": 4.16,
      "sur": 4.16
    },
    "top_n": 30
  },
  "pos": {
    "tag_distribution": {
      "NOUN": 0.1799,
      "PUNCT": 0.132,
      "DET": 0.1207,
      "PRON": 0.1168,
      "ADP": 0.1158,
      "VERB": 0.11,
      "ADV": 0.0572,
      "ADJ": 0.0529,
      "AUX": 0.0348,
      "CCONJ": 0.0269,
      "PROPN": 0.026,
      "SCONJ": 0.0187,
      "NUM": 0.0075,
      "X": 0.0007,
      "INTJ": 0.0001,
      "SYM": 0.0
    },
    "adjective_noun_ratio": 0.2571,
    "adverb_density": 5.72,
    "verb_density": 14.48
  },
  "ngrams": {
    "word_bigrams": {
      "de la": 586,
      "qu' il": 521,
      "c' est": 368,
      "de l'": 351,
      "il y": 294,
      "à la": 277,
      "dans la": 218,
      "l' évêque": 216,
      "à l'": 215,
      "qu' on": 208,
      "d' un": 208,
      "il n'": 202,
      "c' était": 197,
      "il avait": 192,
      "d' une": 190,
      "y a": 189,
      "jean valjean": 187,
      "il était": 180,
      "il se": 179,
      "et de": 169,
      "y avait": 156,
      "j' ai": 155,
      "m. madeleine": 139,
      "de sa": 136,
      "dans l'": 136,
      "dans le": 136,
      "il ne": 133,
      "l' homme": 126,
      "que je": 124,
      "le maire": 123,
      "sur la": 120,
      "dans les": 118,
      "qu' elle": 117,
      "ce qu'": 115,
      "n' est": 115,
      "n' avait": 115,
      "n' y": 114,
      "ce qui": 114,
      "je ne": 107,
      "et le": 105,
      "et il": 103,
      "la porte": 102,
      "il s'": 101,
      "est -ce": 99,
      "de ce": 97,
      "et la": 97,
      "et qui": 95,
      "monsieur le": 93,
      "que le": 93,
      "de son": 92
    },
    "word_trigrams": {
      "il y a": 130,
      "il y avait": 106,
      "il n' y": 81,
      "monsieur le maire": 77,
      "qu' il avait": 68,
      "ce qu' il": 60,
      "n' est pas": 55,
      "est -ce que": 49,
      "n' y avait": 44,
      "tout à coup": 44,
      "n' était pas": 43,
      "je ne sais": 42,
      "c' est un": 42,
      "c' était un": 41,
      "une sorte de": 39,
      "il n' avait": 39,
      "qu' il n'": 38,
      "qu' il y": 37,
      "se mit à": 37,
      "qu' il était": 36,
      "ce qu' on": 36,
      "n' avait pas": 36,
      "n' y a": 35,
      "en ce moment": 34,
      "l' avocat général": 33,
      "je n' ai": 32,
      "ce n' est": 32,
      "c' était une": 32,
      "et qu' il": 30,
      "dit l' évêque": 30,
      "que c' est": 29,
      "qu' est -ce": 28,
      "que j' ai": 26,
      "c' est une": 26,
      "dans la ville": 25,
      "la soeur simplice": 24,
      "qu' il ne": 23,
      "un de ces": 23,
      "c' est la": 23,
      "n' a pas": 22,
      "autour de lui": 22,
      "quelqu' un qui": 22,
      "où il y": 22,
      "une sorte d'": 22,
      "de l' évêque": 22,
      "au moment où": 21,
      "à la fois": 21,
      "que c' était": 21,
      "d' une voix": 20,
      "tout de suite": 20
    },
    "char_trigrams": {
      " de": 6605,
      "it ": 5742,
      "es ": 5595,
      "ait": 5065,
      " qu": 4771,
      "de ": 4767,
      "le ": 4488,
      " le": 4322,
      "ent": 3740,
      "nt ": 3726,
      "la ": 3354,
      " la": 3307,
      "il ": 3282,
      "et ": 3220,
      "e d": 3169,
      "que": 3087,
      "ne ": 3084,
      "re ": 2980,
      " et": 2943,
      "e, ": 2711,
      "e l": 2710,
      " pa": 2692,
      " ce": 2652,
      " un": 2510,
      " il": 2433,
      "on ": 2402,
      "t d": 2398,
      " l'": 2365,
      "e s": 2278,
      "lle": 2264,
      "e c": 2252,
      " co": 2233,
      "e p": 2215,
      "ant": 2213,
      "ur ": 2200,
      " à ": 2198,
      "s d": 2183,
      "ns ": 2168,
      " ma": 2129,
      "les": 2123,
      "ue ": 2121,
      " so": 2062,
      "e. ": 1958,
      "te ": 1949,
      " se": 1949,
      "un ": 1841,
      "us ": 1836,
      "t l": 1831,
      "our": 1822,
      " en": 1821
    }
  },
  "punctuation": {
    "comma": 80.14,
    "period": 60.76,
    "semicolon": 7.66,
    "colon": 5.61,
    "dash": 11.3,
    "exclamation": 7.84,
    "question": 6.04,
    "ellipsis": 0.38,
    "parenthesis": 0.27,
    "quotation": 69.52
  },
  "contractions": {
    "total": 7340,
    "rate_per_1000": 61.8,
    "top_contractions": {
      "del'": 302,
      "\nl'": 266,
      "àl'": 187,
      ",l'": 183,
      ",c'": 182,
      "iln'": 177,
      ".c'": 143,
      "\nd'": 134,
      ".l'": 124,
      "dansl'": 124,
      "cequ'": 106,
      "\n\nl'": 106,
      "\nqu'": 102,
      "ils'": 96,
      "\nn'": 90,
      ",s'": 67,
      ",qu'": 65,
      ".j'": 64,
      "quel'": 62,
      "\ns'": 61
    }
  },
  "sentence_openers": {
    "top_words": {
      "il": 1160,
      "le": 343,
      "l'": 278,
      "la": 262,
      "elle": 242,
      "je": 213,
      "on": 209,
      "c'": 208,
      "les": 159,
      "ce": 148,
      "chapitre": 129,
      "mais": 129,
      "et": 129,
      "un": 126,
      "vous": 104,
      ",": 96,
      "j'": 95,
      "à": 90,
      "une": 83,
      "en": 82
    },
    "pos_distribution": {
      "PRON": 0.3632,
      "DET": 0.2136,
      "NOUN": 0.0968,
      "ADP": 0.0716,
      "ADV": 0.0547,
      "PROPN": 0.0441,
      "CCONJ": 0.0397,
      "VERB": 0.0309,
      "PUNCT": 0.0278,
      "SCONJ": 0.0243,
      "ADJ": 0.0194,
      "NUM": 0.0065,
      "AUX": 0.0046,
      "X": 0.0021,
      "INTJ": 0.0009
    },
    "conjunction_start_rate": 4.0
  },
  "paragraphs": {
    "count": 2581,
    "mean_length": 42.4,
    "median_length": 19.0,
    "one_sentence_ratio": 0.384,
    "top_openers": {
      "il": 262,
      "le": 101,
      "la": 92,
      "--je": 65,
      "m.": 49,
      "--monsieur": 44,
      "--c'est": 42,
      "elle": 41,
      "--vous": 33,
      "ce": 32,
      "on": 29,
      "javert": 29,
      "--il": 28,
      "les": 27,
      "cependant": 27
    }
  },
  "dialogue": {
    "quoted_word_ratio": 0.525,
    "narration_word_ratio": 0.475,
    "top_attribution_verbs": {
      "dire": 17,
      "avoir": 16,
      "faire": 8,
      "voir": 8,
      "devoir": 6,
      "donner": 5,
      "falloir": 4,