{
  "document_id": "4d3b0d14c7941f04",
  "document_title": "Walden",
  "segment_id": null,
  "computed_at": "2026-04-12T14:51:22.089791",
  "word_count": 115813,
  "readability": {
    "flesch_reading_ease": 61.46338836911414,
    "flesch_kincaid_grade": 11.67718205189821,
    "gunning_fog": 14.201550154102652,
    "coleman_liau": 8.084840370395963,
    "ari": 13.635584373247902,
    "smog": 11.933596421089298
  },
  "sentences": {
    "count": 4109,
    "mean_length": 32.55,
    "median_length": 26.0,
    "stdev_length": 26.33,
    "skewness": 2.83,
    "min_length": 1,
    "max_length": 403,
    "length_distribution": [
      74,
      344,
      563,
      516,
      471,
      366,
      354,
      287,
      196,
      198,
      137,
      112,
      90,
      70,
      68,
      54,
      32,
      27,
      26,
      22,
      21,
      12,
      11,
      8,
      5,
      7,
      6,
      3,
      4,
      2,
      3,
      1,
      2,
      4,
      1,
      0,
      2,
      1,
      1,
      0,
      0,
      1,
      1,
      2,
      0,
      0,
      2,
      0,
      0,
      0,
      0,
      0,
      0,
      1,
      0,
      0,
      0,
      0,
      0,
      0,
      0,
      0,
      0,
      0,
      0,
      0,
      0,
      0,
      0,
      0,
      0,
      0,
      0,
      0,
      0,
      0,
      0,
      0,
      0,
      0,
      1,
      0
    ]
  },
  "vocabulary": {
    "total_tokens": 117042,
    "unique_types": 11420,
    "ttr": 0.0976,
    "hapax_legomena": 5555,
    "hapax_ratio": 0.4864,
    "yules_k": 102.72,
    "honores_r": 2272.37
  },
  "function_words": {
    "frequencies": {
      "the": 54.83,
      "and": 34.15,
      "of": 26.1,
      "to": 23.34,
      "a": 22.72,
      "in": 15.41,
      "i": 14.89,
      "it": 12.73,
      "is": 9.96,
      "that": 9.91,
      "as": 9.08,
      "not": 8.34,
      "for": 7.24,
      "was": 6.62,
      "or": 6.57,
      "with": 6.54,
      "which": 6.47,
      "but": 6.0,
      "my": 5.83,
      "he": 5.71,
      "be": 5.5,
      "his": 5.41,
      "on": 5.32,
      "they": 5.32,
      "by": 5.17,
      "are": 5.02,
      "have": 4.99,
      "at": 4.87,
      "this": 4.17,
      "if": 4.11
    },
    "top_n": 30
  },
  "pos": {
    "tag_distribution": {
      "NOUN": 0.1766,
      "PUNCT": 0.1211,
      "ADP": 0.1061,
      "VERB": 0.1017,
      "PRON": 0.1007,
      "DET": 0.0967,
      "ADJ": 0.0643,
      "AUX": 0.0548,
      "ADV": 0.0503,
      "CCONJ": 0.0483,
      "SCONJ": 0.028,
      "PART": 0.0241,
      "PROPN": 0.0178,
      "NUM": 0.0086,
      "INTJ": 0.0006,
      "SYM": 0.0001,
      "X": 0.0001
    },
    "adjective_noun_ratio": 0.3305,
    "adverb_density": 5.03,
    "verb_density": 15.65
  },
  "ngrams": {
    "word_bigrams": {
      "of the": 853,
      "in the": 680,
      "to the": 349,
      "it is": 332,
      "and the": 317,
      "on the": 261,
      "of a": 254,
      "to be": 248,
      "i have": 195,
      "by the": 190,
      "it was": 182,
      "from the": 165,
      "for the": 163,
      "in a": 154,
      "with the": 147,
      "as if": 145,
      "i was": 139,
      "i had": 138,
      "that i": 134,
      "at the": 128,
      "as the": 127,
      "the pond": 125,
      "is not": 113,
      "for a": 113,
      "a man": 112,
      "with a": 109,
      "and i": 106,
      "the woods": 106,
      "is a": 104,
      "all the": 104,
      "they are": 103,
      "is the": 103,
      "that the": 100,
      "the most": 99,
      "as i": 98,
      "when i": 97,
      "which i": 96,
      "of his": 95,
      "i am": 94,
      "of my": 93,
      "and a": 93,
      "do not": 86,
      "when the": 85,
      "the same": 85,
      "out of": 83,
      "did not": 83,
      "that it": 81,
      "like a": 81,
      "that he": 76,
      "if i": 75
    },
    "word_trigrams": {
      "i did not": 44,
      "in the woods": 39,
      "i do not": 35,
      "it is not": 34,
      "it is a": 31,
      "as well as": 30,
      "part of the": 28,
      "out of the": 27,
      "i think that": 26,
      "as if it": 25,
      "of the pond": 25,
      "that it was": 25,
      "it is the": 24,
      "one of the": 23,
      "which i had": 22,
      "but it is": 21,
      "it may be": 21,
      "if it were": 21,
      "in the morning": 21,
      "to the woods": 20,
      "there was a": 19,
      "as it were": 19,
      "for the most": 19,
      "the most part": 19,
      "it would be": 18,
      "the pond and": 17,
      "i can not": 16,
      "as if the": 16,
      "a sort of": 16,
      "from time to": 16,
      "time to time": 16,
      "the end of": 16,
      "that it is": 15,
      "at the same": 15,
      "which i have": 15,
      "if i had": 15,
      "in the pond": 15,
      "in the midst": 15,
      "of the day": 15,
      "of the world": 14,
      "as if i": 14,
      "as if they": 14,
      "the pond in": 14,
      "as i have": 14,
      "of the house": 14,
      "in order to": 14,
      "the midst of": 14,
      "and a half": 14,
      "this is the": 13,
      "it was a": 13
    },
    "char_trigrams": {
      " th": 13147,
      "the": 10465,
      "he ": 8159,
      " an": 5492,
      "nd ": 5412,
      "and": 5165,
      " of": 3707,
      " to": 3534,
      "of ": 3501,
      "to ": 3303,
      "ing": 3196,
      " in": 3175,
      "ed ": 3133,
      " a ": 3002,
      " wh": 2742,
      "re ": 2645,
      "ng ": 2644,
      ", a": 2643,
      "is ": 2527,
      "er ": 2523,
      "at ": 2483,
      "in ": 2442,
      "as ": 2355,
      "e t": 2286,
      "or ": 2211,
      " it": 2166,
      "d t": 2049,
      "n t": 2034,
      " be": 2011,
      " ha": 2003,
      " i ": 1967,
      " wi": 1911,
      "e a": 1884,
      "e s": 1876,
      " co": 1834,
      " no": 1829,
      "s, ": 1767,
      "her": 1749,
      "en ": 1713,
      "e w": 1712,
      "hat": 1699,
      " wa": 1694,
      "tha": 1691,
      "ere": 1668,
      "es ": 1659,
      "t t": 1631,
      " on": 1619,
      "s a": 1615,
      " fo": 1593,
      "for": 1571
    }
  },
  "punctuation": {
    "comma": 82.97,
    "period": 42.29,
    "semicolon": 9.35,
    "colon": 0.34,
    "dash": 0.0,
    "exclamation": 1.34,
    "question": 2.61,
    "ellipsis": 3.18,
    "parenthesis": 0.6,
    "quotation": 5.24
  },
  "contractions": {
    "total": 0,
    "rate_per_1000": 0.0,
    "top_contractions": {}
  },
  "sentence_openers": {
    "top_words": {
      "i": 496,
      "the": 390,
      "it": 290,
      "but": 141,
      "they": 123,
      "if": 112,
      "he": 101,
      "in": 97,
      "we": 96,
      "when": 94,
      "there": 92,
      "this": 80,
      "as": 69,
      "what": 62,
      "a": 61,
      "one": 53,
      "“": 52,
      "at": 42,
      "and": 41,
      "for": 41
    },
    "pos_distribution": {
      "PRON": 0.3702,
      "DET": 0.1499,
      "SCONJ": 0.093,
      "ADV": 0.0786,
      "ADP": 0.0754,
      "CCONJ": 0.055,
      "PROPN": 0.0297,
      "NOUN": 0.028,
      "VERB": 0.0265,
      "ADJ": 0.0207,
      "PUNCT": 0.0204,
      "AUX": 0.0202,
      "NUM": 0.0146,
      "PART": 0.0097,
      "INTJ": 0.0075,
      "SYM": 0.0002,
      "X": 0.0002
    },
    "conjunction_start_rate": 5.5
  },
  "paragraphs": {
    "count": 559,
    "mean_length": 207.1,
    "median_length": 171.0,
    "one_sentence_ratio": 0.138,
    "top_openers": {
      "i": 80,
      "the": 51,
      "when": 22,
      "it": 18,
      "in": 17,
      "as": 17,
      "there": 10,
      "but": 9,
      "one": 9,
      "we": 9,
      "at": 9,
      "this": 9,
      "for": 8,
      "a": 8,
      "so": 7
    }
  },
  "dialogue": {
    "quoted_word_ratio": 0.611,
    "narration_word_ratio": 0.389,
    "top_attribution_verbs": {
      "say": 59,
      "think": 8,
      "do": 8,
      "ask": 8,
      "make": 7,
      "add": 7,
      "be": 7,
      "see": 7,
      "tell": 6,
      "have": 6,
      "’s": 6,
      "go": 6,
      "take": 5,
      "like": 5,
      "run": 5
    }
  },