{
  "document_id": "dc61e9e641258d27",
  "document_title": "The Turn of the Screw",
  "segment_id": null,
  "computed_at": "2026-04-12T14:44:48.726068",
  "word_count": 42277,
  "readability": {
    "flesch_reading_ease": 76.12201500996669,
    "flesch_kincaid_grade": 6.907791795751461,
    "gunning_fog": 9.302199080156564,
    "coleman_liau": 6.543974264966764,
    "ari": 7.802165199510938,
    "smog": 9.464570118680648
  },
  "sentences": {
    "count": 2202,
    "mean_length": 23.98,
    "median_length": 20.0,
    "stdev_length": 17.6,
    "skewness": 1.42,
    "min_length": 1,
    "max_length": 141,
    "length_distribution": [
      96,
      394,
      329,
      281,
      246,
      177,
      166,
      132,
      114,
      77,
      53,
      33,
      31,
      18,
      15,
      16,
      7,
      3,
      6,
      2,
      3,
      0,
      2,
      0,
      0,
      0,
      0,
      0,
      1,
      0
    ]
  },
  "vocabulary": {
    "total_tokens": 43340,
    "unique_types": 4517,
    "ttr": 0.1042,
    "hapax_legomena": 2359,
    "hapax_ratio": 0.5222,
    "yules_k": 101.89,
    "honores_r": 2234.81
  },
  "function_words": {
    "frequencies": {
      "the": 39.49,
      "i": 33.24,
      "of": 24.55,
      "to": 23.05,
      "and": 19.05,
      "a": 17.31,
      "that": 15.27,
      "was": 15.04,
      "it": 14.64,
      "in": 13.45,
      "had": 13.09,
      "my": 11.27,
      "me": 9.68,
      "as": 9.64,
      "she": 8.85,
      "he": 8.39,
      "with": 8.28,
      "you": 8.01,
      "for": 7.6,
      "at": 7.06,
      "her": 7.03,
      "but": 6.02,
      "on": 5.89,
      "his": 4.79,
      "what": 4.79,
      "this": 4.58,
      "have": 4.43,
      "so": 4.32,
      "there": 4.28,
      "him": 3.94
    },
    "top_n": 30
  },
  "pos": {
    "tag_distribution": {
      "PUNCT": 0.1732,
      "PRON": 0.1565,
      "NOUN": 0.121,
      "VERB": 0.1107,
      "ADP": 0.1005,
      "DET": 0.0706,
      "ADV": 0.06,
      "AUX": 0.057,
      "ADJ": 0.0544,
      "CCONJ": 0.0274,
      "SCONJ": 0.0269,
      "PART": 0.0216,
      "PROPN": 0.0121,
      "INTJ": 0.0046,
      "NUM": 0.0036,
      "X": 0.0001
    },
    "adjective_noun_ratio": 0.4085,
    "adverb_density": 6.0,
    "verb_density": 16.76
  },
  "ngrams": {
    "word_bigrams": {
      "of the": 286,
      "i had": 233,
      "in the": 198,
      "it was": 190,
      "that i": 135,
      "i was": 131,
      "on the": 115,
      "of my": 106,
      "mrs. grose": 105,
      "to the": 100,
      "and i": 92,
      "as i": 85,
      "to me": 82,
      "at the": 79,
      "for the": 74,
      "of a": 74,
      "to be": 74,
      "i could": 73,
      "and the": 70,
      "with the": 70,
      "he had": 67,
      "was a": 67,
      "had been": 64,
      "with a": 64,
      "there was": 62,
      "as if": 60,
      "she had": 58,
      "for a": 58,
      "do n’t": 58,
      "by the": 56,
      "in a": 54,
      "she was": 54,
      "what i": 53,
      "but i": 53,
      "which i": 49,
      "i should": 49,
      "he was": 45,
      "to my": 45,
      "i felt": 45,
      "and that": 44,
      "if i": 44,
      "from the": 44,
      "of his": 44,
      "a little": 42,
      "was the": 41,
      "i do": 41,
      "of it": 40,
      "of course": 40,
      "of her": 39,
      "me i": 38
    },
    "word_trigrams": {
      "i do n’t": 34,
      "it was a": 21,
      "one of the": 20,
      "that i had": 19,
      "i ca n’t": 17,
      "there was a": 17,
      "at any rate": 17,
      "that i was": 17,
      "on the spot": 15,
      "i had been": 14,
      "in the world": 14,
      "mrs. grose ’s": 14,
      "it was not": 13,
      "but it was": 13,
      "i should have": 13,
      "what i had": 13,
      "i had seen": 13,
      "as i had": 13,
      "do you mean": 13,
      "that it was": 12,
      "in spite of": 12,
      "which i had": 12,
      "i had not": 12,
      "i went on": 12,
      "out of the": 12,
      "the end of": 12,
      "and i was": 12,
      "and i had": 12,
      "i did n’t": 12,
      "it was the": 11,
      "to me that": 11,
      "if i had": 11,
      "that i should": 11,
      "in which i": 11,
      "to mrs. grose": 11,
      "the whole thing": 10,
      "at all events": 10,
      "i had the": 10,
      "i felt that": 10,
      "at the end": 10,
      "that i could": 10,
      "and it was": 10,
      "the rest of": 9,
      "i could see": 9,
      "do n’t know": 9,
      "a kind of": 9,
      "with mrs. grose": 9,
      "as well as": 9,
      "it was as": 9,
      "do n’t you": 9
    },
    "char_trigrams": {
      " th": 4135,
      "the": 3091,
      "he ": 2940,
      " i ": 1546,
      " to": 1412,
      "ed ": 1344,
      " of": 1339,
      "at ": 1335,
      "of ": 1301,
      "as ": 1289,
      "to ": 1286,
      "nd ": 1261,
      " an": 1253,
      " ha": 1148,
      "and": 1147,
      "hat": 1097,
      " in": 1084,
      "er ": 998,
      "ing": 996,
      " wa": 988,
      " he": 982,
      "her": 959,
      "tha": 910,
      " a ": 886,
      "ng ": 812,
      "e t": 805,
      "was": 796,
      " it": 776,
      "in ": 776,
      "re ": 760,
      " wh": 735,
      "ad ": 723,
      "d t": 708,
      " sh": 704,
      "had": 702,
      " me": 696,
      "ly ": 680,
      " my": 680,
      "t t": 672,
      " be": 671,
      " co": 662,
      ", a": 656,
      "on ": 649,
      "ere": 646,
      "e, ": 638,
      "it ": 623,
      " wi": 620,
      "e s": 610,
      "thi": 607,
      "e w": 605
    }
  },
  "punctuation": {
    "comma": 83.99,
    "period": 46.53,
    "semicolon": 7.57,
    "colon": 2.34,
    "dash": 0.0,
    "exclamation": 6.81,
    "question": 9.82,
    "ellipsis": 0.0,
    "parenthesis": 0.38,
    "quotation": 45.96
  },
  "contractions": {
    "total": 0,
    "rate_per_1000": 0.0,
    "top_contractions": {}
  },
  "sentence_openers": {
    "top_words": {
      "“": 548,
      "i": 344,
      "she": 131,
      "it": 125,
      "he": 109,
      "the": 96,
      "but": 77,
      "there": 54,
      "my": 45,
      "what": 39,
      "they": 35,
      "this": 34,
      "and": 27,
      "we": 26,
      "then": 24,
      "that": 23,
      "mrs.": 23,
      "if": 17,
      "you": 17,
      "to": 14
    },
    "pos_distribution": {
      "PRON": 0.4519,
      "PUNCT": 0.2539,
      "DET": 0.0563,
      "CCONJ": 0.0518,
      "ADV": 0.0431,
      "PROPN": 0.0282,
      "SCONJ": 0.0277,
      "ADP": 0.0268,
      "INTJ": 0.0186,
      "VERB": 0.0123,
      "AUX": 0.0095,
      "PART": 0.0073,
      "ADJ": 0.0059,
      "NOUN": 0.0041,
      "NUM": 0.0027
    },
    "conjunction_start_rate": 5.2
  },
  "paragraphs": {
    "count": 741,
    "mean_length": 56.8,
    "median_length": 18.0,
    "one_sentence_ratio": 0.223,
    "top_openers": {
      "i": 87,
      "she": 41,
      "he": 35,
      "“oh,": 32,
      "“i": 23,
      "“and": 21,
      "my": 20,
      "mrs.": 20,
      "it": 18,
      "the": 16,
      "“the": 12,
      "“well,": 12,
      "“why,": 11,
      "“then": 10,
      "“yes,": 9
    }
  },
  "dialogue": {
    "quoted_word_ratio": 0.392,
    "narration_word_ratio": 0.608,
    "top_attribution_verbs": {
      "say": 92,
      "know": 85,
      "see": 72,
      "go": 65,
      "have": 53,
      "do": 52,
      "look": 41,
      "tell": 35,
      "come": 35,
      "’": 35,
      "think": 29,
      "miss": 29,
      "take": 28,
      "mean": 27,
      "cry": 23
    }
  },
  "syntax": {
    "mean_tree_depth": 4.76,
    "median_tree_depth": 4.0,
    "stdev_tree_depth": 2.74,
    "tense_distribution": {
      "Past": 0.551,
      "None": 0.283,
      "Pres": 0.166
    },
    "sentence_type_mix": {
      "declarative": 0.932,
      "interrogative": 0.034,
      "exclamatory": 0.034
    }
  }
}