{
  "document_id": "b5bff14c17be2b94",
  "document_title": "The Works of Edgar Allan Poe Vol. 1",
  "segment_id": null,
  "computed_at": "2026-04-12T14:40:39.559795",
  "word_count": 90359,
  "readability": {
    "flesch_reading_ease": 56.83797769931665,
    "flesch_kincaid_grade": 10.999279071324668,
    "gunning_fog": 13.701186012640585,
    "coleman_liau": 9.313799709852823,
    "ari": 12.277234848757047,
    "smog": 12.82053231028629
  },
  "sentences": {
    "count": 3782,
    "mean_length": 28.47,
    "median_length": 24.0,
    "stdev_length": 20.44,
    "skewness": 2.46,
    "min_length": 0,
    "max_length": 293,
    "length_distribution": [
      104,
      374,
      492,
      508,
      469,
      402,
      329,
      260,
      187,
      160,
      132,
      82,
      79,
      61,
      43,
      20,
      16,
      15,
      13,
      2,
      13,
      4,
      4,
      1,
      1,
      1,
      3,
      0,
      0,
      2,
      1,
      0,
      0,
      0,
      0,
      0,
      0,
      2,
      0,
      0,
      0,
      0,
      0,
      0,
      0,
      0,
      0,
      0,
      0,
      0,
      0,
      0,
      0,
      0,
      1,
      0,
      0,
      0,
      1,
      0
    ]
  },
  "vocabulary": {
    "total_tokens": 91656,
    "unique_types": 9585,
    "ttr": 0.1046,
    "hapax_legomena": 4570,
    "hapax_ratio": 0.4768,
    "yules_k": 122.37,
    "honores_r": 2183.77
  },
  "function_words": {
    "frequencies": {
      "the": 65.67,
      "of": 39.28,
      "and": 22.3,
      "to": 21.14,
      "a": 19.42,
      "in": 17.9,
      "i": 11.96,
      "it": 10.7,
      "that": 9.7,
      "was": 9.7,
      "is": 7.78,
      "at": 7.02,
      "with": 7.0,
      "as": 6.62,
      "which": 6.05,
      "this": 6.01,
      "by": 5.98,
      "not": 5.62,
      "have": 5.6,
      "for": 5.44,
      "his": 5.19,
      "had": 5.19,
      "but": 5.16,
      "be": 4.83,
      "my": 4.81,
      "he": 4.62,
      "from": 4.62,
      "we": 4.54,
      "been": 3.64,
      "or": 3.46
    },
    "top_n": 30
  },
  "pos": {
    "tag_distribution": {
      "NOUN": 0.1699,
      "PUNCT": 0.1436,
      "ADP": 0.1176,
      "DET": 0.1057,
      "VERB": 0.0937,
      "PRON": 0.085,
      "ADJ": 0.0618,
      "AUX": 0.0555,
      "ADV": 0.0505,
      "CCONJ": 0.0318,
      "PROPN": 0.0291,
      "SCONJ": 0.0225,
      "PART": 0.02,
      "NUM": 0.0112,
      "X": 0.0013,
      "INTJ": 0.0007,
      "SYM": 0.0001
    },
    "adjective_noun_ratio": 0.3107,
    "adverb_density": 5.05,
    "verb_density": 14.92
  },
  "ngrams": {
    "word_bigrams": {
      "of the": 1345,
      "in the": 585,
      "to the": 402,
      "of a": 260,
      "from the": 221,
      "it is": 203,
      "at the": 196,
      "and the": 194,
      "that the": 192,
      "it was": 188,
      "to be": 180,
      "with the": 179,
      "by the": 176,
      "upon the": 160,
      "have been": 153,
      "in a": 149,
      "for the": 139,
      "of his": 127,
      "i had": 122,
      "with a": 118,
      "on the": 107,
      "had been": 103,
      "of my": 101,
      "i have": 93,
      "of this": 91,
      "one of": 87,
      "as the": 87,
      "and a": 80,
      "which i": 78,
      "that of": 75,
      "the most": 70,
      "the balloon": 70,
      "would have": 68,
      "was not": 68,
      "into the": 67,
      "could not": 67,
      "the whole": 67,
      "at all": 66,
      "in this": 63,
      "to say": 62,
      "the first": 61,
      "that i": 60,
      "i was": 60,
      "the earth": 60,
      "of an": 59,
      "the moon": 59,
      "a very": 57,
      "was a": 57,
      "by a": 56,
      "that he": 55
    },
    "word_trigrams": {
      "one of the": 44,
      "would have been": 31,
      "it was not": 28,
      "that of the": 27,
      "of the earth": 27,
      "as well as": 26,
      "portion of the": 25,
      "in the rue": 23,
      "part of the": 23,
      "is to say": 22,
      "might have been": 21,
      "by means of": 21,
      "i could not": 21,
      "was that of": 19,
      "that is to": 19,
      "it is not": 18,
      "in regard to": 18,
      "the end of": 18,
      "by no means": 18,
      "that it was": 17,
      "that of a": 16,
      "the barrière du": 16,
      "barrière du roule": 16,
      "of the corpse": 16,
      "the rue morgue": 16,
      "there is no": 16,
      "and a half": 16,
      "of the moon": 16,
      "it had been": 15,
      "it will be": 15,
      "could not have": 15,
      "to say that": 15,
      "should have been": 15,
      "the bottom of": 15,
      "surface of the": 15,
      "the earth ’s": 15,
      "of the murder": 14,
      "in the morning": 14,
      "could not be": 14,
      "of the most": 14,
      "of which i": 14,
      "of the car": 14,
      "but it is": 13,
      "that he was": 13,
      "it is the": 13,
      "to have been": 13,
      "and that the": 13,
      "the body of": 12,
      "there was no": 12,
      "that it is": 12
    },
    "char_trigrams": {
      " th": 10654,
      "the": 8670,
      "he ": 7677,
      " of": 4314,
      "of ": 4236,
      " an": 3155,
      " in": 3018,
      "ed ": 2984,
      "nd ": 2893,
      "and": 2763,
      " to": 2534,
      "ing": 2470,
      "to ": 2439,
      "in ": 2233,
      "at ": 2208,
      "ng ": 2119,
      " a ": 2029,
      "is ": 2016,
      "as ": 1949,
      ", a": 1945,
      "on ": 1819,
      " be": 1818,
      "er ": 1770,
      "f t": 1720,
      "ion": 1715,
      " ha": 1710,
      "re ": 1684,
      "n t": 1654,
      " co": 1592,
      " wh": 1590,
      "ent": 1562,
      "d t": 1561,
      "ly ": 1544,
      "e t": 1534,
      " it": 1490,
      "e s": 1424,
      "e o": 1399,
      " no": 1390,
      " wi": 1365,
      "tio": 1362,
      "hat": 1360,
      "her": 1334,
      "e a": 1329,
      "t t": 1314,
      " wa": 1278,
      "ere": 1276,
      "tha": 1272,
      " re": 1230,
      "e, ": 1224,
      "his": 1224
    }
  },
  "punctuation": {
    "comma": 86.49,
    "period": 42.76,
    "semicolon": 6.92,
    "colon": 0.82,
    "dash": 0.0,
    "exclamation": 2.42,
    "question": 2.3,
    "ellipsis": 0.18,
    "parenthesis": 4.29,
    "quotation": 13.18
  },
  "contractions": {
    "total": 0,
    "rate_per_1000": 0.0,
    "top_contractions": {}
  },
  "sentence_openers": {
    "top_words": {
      "the": 416,
      "“": 360,
      "i": 268,
      "it": 233,
      "in": 144,
      "but": 134,
      "he": 127,
      "this": 117,
      "we": 100,
      "a": 63,
      "there": 57,
      "and": 52,
      "what": 51,
      "his": 47,
      "you": 40,
      "at": 40,
      "to": 39,
      "if": 39,
      "now": 35,
      "they": 34
    },
    "pos_distribution": {
      "PRON": 0.301,
      "DET": 0.1653,
      "PUNCT": 0.1143,
      "ADP": 0.0984,
      "ADV": 0.0598,
      "CCONJ": 0.0532,
      "SCONJ": 0.0497,
      "PROPN": 0.0407,
      "VERB": 0.0397,
      "AUX": 0.0312,
      "NOUN": 0.0143,
      "ADJ": 0.0124,
      "PART": 0.0077,
      "NUM": 0.0048,
      "INTJ": 0.0048,
      "X": 0.0026,
      "SYM": 0.0003
    },
    "conjunction_start_rate": 5.3
  },
  "paragraphs": {
    "count": 786,
    "mean_length": 114.8,
    "median_length": 74.5,
    "one_sentence_ratio": 0.253,
    "top_openers": {
      "the": 52,
      "“i": 38,
      "“the": 25,
      "i": 21,
      "“but": 18,
      "in": 17,
      "“april": 17,
      "“and": 16,
      "“it": 15,
      "“you": 15,
      "“we": 11,
      "it": 11,
      "“in": 11,
      "we": 10,
      "“at": 10
    }
  },
  "dialogue": {
    "quoted_word_ratio": 0.516,
    "narration_word_ratio": 0.484,
    "top_attribution_verbs": {
      "say": 129,
      "reply": 27,
      "do": 15,
      "have": 14,
      "be": 13,
      "find": 13,
      "know": 12,
      "let": 12,
      "see": 12,
      "ask": 12,
      "mean": 12,
      "hear": 12,
      "cry": 11,
      "continue": 9,
      "go": 9
    }
  },
  "syntax": {
    "mean_tree_depth": 5.88,
    "median_tree_depth": 6.0,