{
  "document_id": "21205b76e8455ad7",
  "document_title": "The Call of the Wild",
  "segment_id": null,
  "computed_at": "2026-04-12T14:43:07.746429",
  "word_count": 31824,
  "readability": {
    "flesch_reading_ease": 76.12912196035029,
    "flesch_kincaid_grade": 7.380633294269561,
    "gunning_fog": 9.679165988476187,
    "coleman_liau": 7.819444444444446,
    "ari": 9.330172606258884,
    "smog": 9.171406235229043
  },
  "sentences": {
    "count": 1675,
    "mean_length": 22.29,
    "median_length": 20.0,
    "stdev_length": 13.85,
    "skewness": 1.45,
    "min_length": 2,
    "max_length": 120,
    "length_distribution": [
      41,
      257,
      242,
      274,
      245,
      196,
      152,
      83,
      63,
      59,
      20,
      17,
      7,
      7,
      2,
      5,
      1,
      0,
      0,
      2,
      0,
      0,
      0,
      1,
      1
    ]
  },
  "vocabulary": {
    "total_tokens": 32339,
    "unique_types": 4737,
    "ttr": 0.1465,
    "hapax_legomena": 2505,
    "hapax_ratio": 0.5288,
    "yules_k": 120.94,
    "honores_r": 2203.81
  },
  "function_words": {
    "frequencies": {
      "the": 61.13,
      "and": 41.23,
      "of": 23.36,
      "he": 21.86,
      "was": 18.67,
      "to": 18.11,
      "a": 17.79,
      "his": 14.97,
      "in": 14.47,
      "it": 10.21,
      "that": 8.38,
      "with": 8.14,
      "him": 7.77,
      "they": 7.74,
      "had": 7.34,
      "as": 6.91,
      "for": 6.35,
      "on": 6.05,
      "were": 5.81,
      "at": 5.57,
      "but": 5.28,
      "not": 4.98,
      "by": 4.31,
      "them": 4.13,
      "from": 4.07,
      "out": 3.8,
      "into": 3.51,
      "which": 3.32,
      "all": 3.16,
      "their": 3.08
    },
    "top_n": 30
  },
  "pos": {
    "tag_distribution": {
      "NOUN": 0.1663,
      "PUNCT": 0.1333,
      "VERB": 0.1192,
      "ADP": 0.109,
      "PRON": 0.0946,
      "DET": 0.0918,
      "ADJ": 0.0561,
      "CCONJ": 0.0504,
      "ADV": 0.0456,
      "AUX": 0.0441,
      "PROPN": 0.0377,
      "SCONJ": 0.0214,
      "PART": 0.0195,
      "NUM": 0.0097,
      "INTJ": 0.001,
      "X": 0.0002,
      "SYM": 0.0
    },
    "adjective_noun_ratio": 0.2752,
    "adverb_density": 4.56,
    "verb_density": 16.33
  },
  "ngrams": {
    "word_bigrams": {
      "of the": 246,
      "in the": 176,
      "he was": 131,
      "to the": 122,
      "it was": 111,
      "and the": 103,
      "on the": 86,
      "he had": 83,
      "at the": 71,
      "into the": 69,
      "and he": 65,
      "they were": 63,
      "did not": 62,
      "from the": 61,
      "of his": 60,
      "by the": 58,
      "for the": 57,
      "in a": 52,
      "with the": 51,
      "was a": 51,
      "was the": 50,
      "buck ’s": 47,
      "out of": 46,
      "the sled": 46,
      "with a": 45,
      "the man": 44,
      "as he": 44,
      "of a": 42,
      "through the": 39,
      "john thornton": 39,
      "in his": 38,
      "when he": 38,
      "the dogs": 37,
      "he would": 36,
      "there was": 36,
      "had been": 36,
      "him and": 36,
      "that he": 33,
      "they had": 32,
      "for a": 30,
      "sol leks": 30,
      "buck was": 29,
      "on his": 29,
      "he did": 29,
      "he could": 28,
      "that was": 28,
      "the last": 28,
      "and buck": 27,
      "but he": 27,
      "to be": 27
    },
    "word_trigrams": {
      "he did not": 22,
      "and he was": 18,
      "out of the": 14,
      "there was no": 14,
      "in the traces": 14,
      "out of his": 13,
      "it was a": 13,
      "of the team": 13,
      "that he was": 12,
      "back and forth": 12,
      "did not know": 11,
      "to his feet": 11,
      "it was the": 11,
      "and in the": 11,
      "the man in": 11,
      "man in the": 11,
      "in the red": 11,
      "the red sweater": 11,
      "the rest of": 11,
      "buck did not": 10,
      "the end of": 10,
      "but it was": 10,
      "one of the": 9,
      "he could not": 9,
      "and sol leks": 9,
      "rest of the": 9,
      "at the head": 9,
      "the head of": 9,
      "of the wild": 8,
      "they did not": 8,
      "one hundred and": 8,
      "in the morning": 8,
      "dave and sol": 8,
      "at the end": 8,
      "head of the": 8,
      "the law of": 7,
      "club and fang": 7,
      "the judge ’s": 7,
      "the two men": 7,
      "him and the": 7,
      "that was the": 7,
      "of the men": 7,
      "it was his": 7,
      "perrault and françois": 7,
      "he was in": 7,
      "on the trail": 7,
      "up and down": 7,
      "there was a": 7,
      "in the forest": 7,
      "hans and pete": 7
    },
    "char_trigrams": {
      " th": 3902,
      "the": 3213,
      "he ": 3128,
      "nd ": 1748,
      " an": 1726,
      "and": 1707,
      "ed ": 1592,
      "ing": 1187,
      " he": 1082,
      "ng ": 1043,
      "as ": 953,
      " hi": 934,
      " of": 927,
      " wa": 894,
      "of ": 872,
      " to": 860,
      "to ": 807,
      " in": 804,
      "d t": 738,
      "is ": 715,
      "was": 707,
      "his": 669,
      "er ": 663,
      " a ": 654,
      "at ": 651,
      "in ": 629,
      " bu": 624,
      ", a": 617,
      "e t": 614,
      " ha": 588,
      "n t": 582,
      " wh": 576,
      "e w": 571,
      "re ": 564,
      "ere": 557,
      "e s": 523,
      "on ": 481,
      "en ": 477,
      "d a": 472,
      " fo": 467,
      "her": 440,
      " wi": 426,
      " it": 425,
      "t t": 424,
      "e h": 420,
      "for": 418,
      " ma": 415,
      "s t": 415,
      " be": 414,
      " st": 413
    }
  },
  "punctuation": {
    "comma": 77.11,
    "period": 52.07,
    "semicolon": 5.62,
    "colon": 0.22,
    "dash": 0.0,
    "exclamation": 1.29,
    "question": 0.94,
    "ellipsis": 0.13,
    "parenthesis": 0.88,
    "quotation": 9.3
  },
  "contractions": {
    "total": 0,
    "rate_per_1000": 0.0,
    "top_contractions": {}
  },
  "sentence_openers": {
    "top_words": {
      "he": 205,
      "the": 164,
      "“": 109,
      "it": 76,
      "they": 73,
      "buck": 72,
      "and": 65,
      "but": 65,
      "his": 36,
      "in": 31,
      "a": 31,
      "at": 29,
      "then": 29,
      "this": 29,
      "there": 28,
      "as": 25,
      "for": 21,
      "françois": 20,
      "when": 17,
      "thornton": 17
    },
    "pos_distribution": {
      "PRON": 0.2925,
      "DET": 0.1481,
      "PROPN": 0.1296,
      "ADP": 0.089,
      "CCONJ": 0.0806,
      "ADV": 0.0794,
      "PUNCT": 0.0663,
      "SCONJ": 0.0346,
      "NOUN": 0.0245,
      "NUM": 0.0155,
      "VERB": 0.0143,
      "ADJ": 0.0125,
      "INTJ": 0.006,
      "PART": 0.0036,
      "AUX": 0.0036
    },
    "conjunction_start_rate": 8.1
  },
  "paragraphs": {
    "count": 338,
    "mean_length": 94.1,
    "median_length": 99.5,
    "one_sentence_ratio": 0.127,
    "top_openers": {
      "the": 22,
      "buck": 21,
      "but": 17,
      "and": 13,
      "he": 10,
      "thornton": 9,
      "chapter": 8,
      "there": 8,
      "as": 8,
      "it": 8,
      "in": 7,
      "for": 6,
      "at": 6,
      "his": 5,
      "“you": 5
    }
  },
  "dialogue": {
    "quoted_word_ratio": 0.751,
    "narration_word_ratio": 0.249,
    "top_attribution_verbs": {
      "say": 36,
      "cry": 17,
      "’": 11,
      "go": 9,
      "get": 6,
      "tell": 6,
      "demand": 5,
      "ask": 5,
      "reply": 4,
      "call": 4,
      "command": 4,
      "answer": 4,
      "break": 4,
      "make": 3,
      "lend": 3
    }
  },
  "syntax": {
    "mean_tree_depth": 5.08,
    "median_tree_depth": 5.0,
    "stdev_tree_depth": 2.3,
    "tense_distribution": {
      "Past": 0.67,
      "None": 0.178,
      "Pres": 0.152
    },
    "sentence_type_mix": {
      "declarative": 0.986,
      "interrogative": 0.007,
      "exclamatory": 0.008
    }
  }
}