{
  "document_id": "d2d98d3808b919af",
  "document_title": "Faust: Der Tragödie erster Teil",
  "segment_id": null,
  "computed_at": "2026-04-12T14:55:33.147694",
  "word_count": 30658,
  "readability": {
    "flesch_reading_ease": 80.05957416813312,
    "flesch_kincaid_grade": 6.782348793457366,
    "gunning_fog": 8.541928046883347,
    "coleman_liau": 9.67100267466893,
    "ari": 8.392975000870479,
    "smog": 9.20179137664525
  },
  "sentences": {
    "count": 4151,
    "mean_length": 9.28,
    "median_length": 7.0,
    "stdev_length": 7.64,
    "skewness": 1.98,
    "min_length": 1,
    "max_length": 75,
    "length_distribution": [
      1203,
      1423,
      667,
      503,
      180,
      78,
      47,
      21,
      12,
      5,
      7,
      1,
      2,
      1,
      0,
      1
    ]
  },
  "vocabulary": {
    "total_tokens": 30924,
    "unique_types": 6278,
    "ttr": 0.203,
    "hapax_legomena": 3974,
    "hapax_ratio": 0.633,
    "yules_k": 50.88,
    "honores_r": 2817.28
  },
  "function_words": {
    "frequencies": {
      "und": 23.87,
      "die": 17.32,
      "der": 15.74,
      "nicht": 10.99,
      "das": 10.41,
      "ein": 10.36,
      "ist": 10.13,
      "zu": 9.84,
      "in": 8.02,
      "sie": 7.87,
      "es": 7.69,
      "so": 7.58,
      "den": 7.17,
      "mit": 7.12,
      "sich": 6.93,
      "er": 6.13,
      "wie": 5.87,
      "auf": 5.38,
      "dem": 5.01,
      "nur": 4.73,
      "von": 4.52,
      "an": 4.36,
      "wenn": 3.4,
      "im": 3.3,
      "man": 2.8,
      "als": 2.65,
      "auch": 2.6,
      "des": 2.34,
      "wird": 2.29,
      "noch": 2.21
    },
    "top_n": 30
  },
  "pos": {
    "tag_distribution": {
      "PUNCT": 0.1944,
      "NOUN": 0.1569,
      "PRON": 0.1186,
      "ADV": 0.1043,
      "VERB": 0.1004,
      "DET": 0.0875,
      "ADP": 0.0624,
      "AUX": 0.0381,
      "PROPN": 0.0358,
      "ADJ": 0.0307,
      "CCONJ": 0.0277,
      "PART": 0.0186,
      "SCONJ": 0.0131,
      "X": 0.0065,
      "NUM": 0.0041,
      "INTJ": 0.0011
    },
    "adjective_noun_ratio": 0.1592,
    "adverb_density": 10.43,
    "verb_density": 13.84
  },
  "ngrams": {
    "word_bigrams": {
      "das ist": 48,
      "in der": 39,
      "es ist": 38,
      "ich bin": 31,
      "hab ich": 29,
      "ist ’s": 28,
      "ist ein": 27,
      "aus dem": 26,
      "in die": 26,
      "ich nicht": 26,
      "bin ich": 25,
      "wenn ich": 25,
      "ich mich": 22,
      "mit dem": 22,
      "daß ich": 21,
      "auf der": 21,
      "ist das": 20,
      "die welt": 20,
      "’s nicht": 20,
      "durch die": 19,
      "mir die": 19,
      "und die": 19,
      "in den": 19,
      "mephistopheles ich": 19,
      "auf dem": 18,
      "ist die": 18,
      "die hexe": 18,
      "nicht so": 17,
      "und wenn": 17,
      "faust du": 17,
      "der herr": 16,
      "hast du": 16,
      "nicht mehr": 16,
      "du bist": 16,
      "und was": 15,
      "habt ihr": 15,
      "ist es": 15,
      "in dem": 15,
      "ist mir": 15,
      "bist du": 15,
      "faust ich": 15,
      "nicht die": 14,
      "seh ich": 14,
      "mir nicht": 14,
      "auf und": 14,
      "ich dich": 14,
      "ist der": 14,
      "so ist": 14,
      "sind wir": 14,
      "mich nicht": 14
    },
    "word_trigrams": {
      "es ist ein": 11,
      "mephistopheles zu faust": 8,
      "das ist die": 7,
      "lieb im leibe": 6,
      "wenn ich nur": 5,
      "aus dem haus": 5,
      "in die welt": 5,
      "ich bin ’s": 5,
      "hier ist ein": 5,
      "faust mephistopheles faust": 5,
      "das ist der": 5,
      "ist ’s nicht": 5,
      "was willst du": 5,
      "mir ist ’s": 5,
      "in der nähe": 4,
      "nach und nach": 4,
      "auf der erde": 4,
      "hab ich mich": 4,
      "fühl ich mich": 4,
      "in der hand": 4,
      "das ist ein": 4,
      "juchhe juchhe juchheisa": 4,
      "juchhe juchheisa heisa": 4,
      "juchheisa heisa he": 4,
      "im anfang war": 4,
      "das ist nicht": 4,
      "so ist ’s": 4,
      "was ist das": 4,
      "es ist so": 4,
      "mephistopheles für sich": 4,
      "als hätte sie": 4,
      "hätte sie lieb": 4,
      "sie lieb im": 4,
      "was soll das": 4,
      "das ist das": 4,
      "mephistopheles tritt auf": 4,
      "ich bitte dich": 4,
      "im laub und": 4,
      "in der welt": 3,
      "ihr seid ein": 3,
      "was hilft ’s": 3,
      "durch die welt": 3,
      "wie am ersten": 3,
      "am ersten tag": 3,
      "und von der": 3,
      "bin ich nicht": 3,
      "ich nicht zu": 3,
      "daß ich nicht": 3,
      "die heil gen": 3,
      "und erblickt das": 3
    },
    "char_trigrams": {
      "ich": 2358,
      "ch ": 2153,
      "en ": 2117,
      "er ": 1913,
      "ein": 1555,
      " de": 1399,
      "sch": 1270,
      "ie ": 1202,
      " un": 1173,
      "nd ": 1150,
      " di": 1078,
      "und": 1054,
      "in ": 1052,
      "cht": 1034,
      "der": 959,
      " ge": 886,
      "ist": 866,
      "st ": 853,
      "die": 837,
      "n, ": 823,
      " mi": 816,
      " da": 811,
      " si": 801,
      " sc": 748,
      "che": 728,
      " ei": 710,
      " ic": 697,
      " wi": 678,
      ", d": 678,
      " me": 672,
      "es ": 663,
      "ht ": 654,
      "t, ": 640,
      "as ": 635,
      "den": 630,
      " we": 626,
      "t d": 615,
      "ine": 608,
      "n. ": 579,
      "en,": 565,
      " ni": 565,
      "n s": 525,
      " zu": 520,
      "aus": 515,
      "gen": 515,
      " er": 510,
      "hen": 508,
      "n d": 508,
      " au": 494,
      " so": 492
    }
  },
  "punctuation": {
    "comma": 91.49,
    "period": 74.79,
    "semicolon": 9.79,
    "colon": 0.85,
    "dash": 0.0,
    "exclamation": 37.58,
    "question": 13.47,
    "ellipsis": 0.0,
    "parenthesis": 15.95,
    "quotation": 1.44
  },
  "contractions": {
    "total": 0,
    "rate_per_1000": 0.0,
    "top_contractions": {}
  },
  "sentence_openers": {
    "top_words": {
      "mephistopheles": 214,
      "ich": 213,
      "faust": 196,
      "und": 185,
      "die": 127,
      "was": 102,
      "das": 99,
      "der": 92,
      "du": 92,
      "es": 88,
      "margarete": 73,
      "ein": 71,
      "wie": 67,
      "sie": 63,
      "mit": 61,
      "doch": 58,
      "da": 56,
      "er": 54,
      ")": 53,
      "so": 52
    },
    "pos_distribution": {
      "PRON": 0.219,
      "PROPN": 0.1795,
      "ADV": 0.1127,
      "DET": 0.1029,
      "NOUN": 0.0891,
      "ADP": 0.0737,
      "CCONJ": 0.0641,
      "VERB": 0.0361,
      "PUNCT": 0.0294,
      "X": 0.0279,
      "SCONJ": 0.0241,
      "PART": 0.0125,
      "AUX": 0.0111,
      "INTJ": 0.0089,
      "ADJ": 0.0075,
      "NUM": 0.0014
    },
    "conjunction_start_rate": 6.4
  },
  "paragraphs": {
    "count": 1026,
    "mean_length": 29.8,
    "median_length": 19.0,
    "one_sentence_ratio": 0.056,
    "top_openers": {
      "mephistopheles.": 218,
      "faust.": 188,
      "margarete.": 64,
      "mephistopheles": 33,
      "marthe.": 30,
      "die": 26,
      "faust": 22,
      "frosch.": 22,
      "wagner.": 19,
      "siebel.": 18,
      "schüler.": 17,
      "altmayer.": 16,
      "brander.": 15,
      "der": 14,
      "margarete": 13
    }
  },
  "dialogue": {
    "quoted_word_ratio": 0.375,
    "narration_word_ratio": 0.625,
    "top_attribution_verbs": {
      "rufen": 4,
      "sprechen": 4,
      "stehen": 1,
      "wissen": 1,
      "wär": 1,
      "bekennen": 1,
      "glaub": 1,
      "haben": 1,
      "spüren": 1,
      "hören": 1
    }
  },
  "syntax": {
    "mean_tree_depth": 2.88,
    "median_tree_depth": 2.0,
    "stdev_tree_depth": 1.39,
    "tense_distribution": {
      "Pres": 0.639,
      "None": 0.266,
      "Past": 0.094
    },
    "sentence_type_mix": {
      "declarative": 0.717,
      "interrogative": 0.079,
      "exclamatory": 0.205
    }
  }
}