{
  "document_id": "4ef9c36d2c4db87c",
  "document_title": "Narrative of the Life of Frederick Douglass",
  "segment_id": null,
  "computed_at": "2026-04-12T14:47:33.337536",
  "word_count": 40750,
  "readability": {
    "flesch_reading_ease": 68.22553606743938,
    "flesch_kincaid_grade": 8.64965576248811,
    "gunning_fog": 11.12202103406927,
    "coleman_liau": 7.730483015904184,
    "ari": 9.580183089609807,
    "smog": 10.784879701987958
  },
  "sentences": {
    "count": 1948,
    "mean_length": 24.5,
    "median_length": 20.0,
    "stdev_length": 18.25,
    "skewness": 3.28,
    "min_length": 1,
    "max_length": 260,
    "length_distribution": [
      29,
      231,
      349,
      331,
      243,
      226,
      135,
      132,
      72,
      60,
      36,
      23,
      21,
      15,
      8,
      6,
      6,
      6,
      4,
      1,
      3,
      2,
      1,
      0,
      2,
      1,
      0,
      1,
      0,
      1,
      1,
      0,
      0,
      0,
      0,
      0,
      0,
      0,
      0,
      0,
      1,
      0,
      0,
      0,
      0,
      0,
      0,
      0,
      0,
      0,
      0,
      0,
      1
    ]
  },
  "vocabulary": {
    "total_tokens": 41251,
    "unique_types": 5198,
    "ttr": 0.126,
    "hapax_legomena": 2648,
    "hapax_ratio": 0.5094,
    "yules_k": 102.47,
    "honores_r": 2166.33
  },
  "function_words": {
    "frequencies": {
      "the": 47.19,
      "of": 32.33,
      "to": 31.26,
      "and": 28.58,
      "i": 21.69,
      "a": 17.83,
      "was": 15.51,
      "in": 15.4,
      "he": 11.0,
      "my": 9.6,
      "it": 8.68,
      "that": 8.47,
      "his": 8.13,
      "with": 7.96,
      "as": 7.42,
      "me": 7.04,
      "for": 6.98,
      "at": 5.8,
      "be": 5.57,
      "had": 5.34,
      "this": 5.13,
      "by": 4.84,
      "not": 4.53,
      "but": 4.19,
      "him": 4.19,
      "were": 4.0,
      "which": 3.83,
      "we": 3.81,
      "one": 3.79,
      "would": 3.79
    },
    "top_n": 30
  },
  "pos": {
    "tag_distribution": {
      "NOUN": 0.1575,
      "PUNCT": 0.1331,
      "PRON": 0.1167,
      "ADP": 0.112,
      "VERB": 0.1109,
      "DET": 0.0831,
      "ADJ": 0.0584,
      "AUX": 0.054,
      "ADV": 0.0445,
      "CCONJ": 0.0364,
      "PROPN": 0.0355,
      "PART": 0.0265,
      "SCONJ": 0.0224,
      "NUM": 0.0079,
      "INTJ": 0.0007,
      "X": 0.0004
    },
    "adjective_noun_ratio": 0.3027,
    "adverb_density": 4.45,
    "verb_density": 16.49
  },
  "ngrams": {
    "word_bigrams": {
      "of the": 313,
      "in the": 200,
      "i was": 144,
      "to the": 142,
      "to be": 110,
      "it was": 107,
      "he was": 96,
      "at the": 86,
      "i had": 75,
      "a slave": 69,
      "by the": 66,
      "for the": 65,
      "of a": 65,
      "with the": 65,
      "of my": 65,
      "was a": 63,
      "on the": 61,
      "of his": 59,
      "we were": 56,
      "and the": 54,
      "i have": 53,
      "the most": 52,
      "that i": 49,
      "it is": 48,
      "mr. covey": 47,
      "which i": 45,
      "from the": 42,
      "of slavery": 42,
      "one of": 41,
      "with a": 40,
      "that he": 40,
      "in a": 40,
      "me to": 40,
      "as i": 39,
      "upon the": 38,
      "when i": 38,
      "i could": 38,
      "he would": 38,
      "he had": 37,
      "the slave": 37,
      "the same": 37,
      "was the": 37,
      "the slaves": 36,
      "to do": 36,
      "colonel lloyd": 36,
      "and in": 35,
      "would be": 34,
      "and i": 31,
      "had been": 31,
      "to me": 31
    },
    "word_trigrams": {
      "as well as": 20,
      "st. michael ’s": 20,
      "colonel lloyd ’s": 19,
      "one of the": 16,
      "it was a": 16,
      "my old master": 15,
      "he was a": 14,
      "the end of": 14,
      "at the same": 14,
      "the same time": 14,
      "i told him": 13,
      "i did not": 12,
      "i had been": 12,
      "part of the": 11,
      "out of the": 11,
      "to run away": 11,
      "of those who": 10,
      "of the slave": 10,
      "the part of": 10,
      "that he was": 10,
      "which i was": 10,
      "to live with": 10,
      "the great house": 10,
      "that i was": 10,
      "the slaves of": 9,
      "the hands of": 9,
      "to be a": 9,
      "i do not": 9,
      "after i went": 9,
      "it would be": 9,
      "in the most": 9,
      "great house farm": 9,
      "lloyd ’s plantation": 9,
      "enough to eat": 9,
      "i used to": 9,
      "there was no": 9,
      "and i was": 8,
      "the thought of": 8,
      "to do so": 8,
      "it was the": 8,
      "of all the": 8,
      "of slavery i": 8,
      "seemed to be": 8,
      "was to be": 8,
      "the name of": 8,
      "a number of": 8,
      "i was now": 8,
      "he gave me": 8,
      "at the end": 8,
      "of slavery and": 7
    },
    "char_trigrams": {
      " th": 4072,
      "the": 3247,
      "he ": 2865,
      " to": 1674,
      " an": 1633,
      " of": 1612,
      "and": 1610,
      "nd ": 1574,
      "to ": 1549,
      "of ": 1539,
      "ed ": 1464,
      "ing": 1309,
      "as ": 1116,
      "ng ": 1100,
      " in": 1034,
      " i ": 1013,
      "er ": 977,
      ", a": 960,
      " he": 920,
      " wa": 887,
      " a ": 832,
      "in ": 830,
      " wh": 828,
      "at ": 823,
      " co": 819,
      "d t": 803,
      "is ": 768,
      "was": 749,
      " be": 744,
      "e w": 715,
      " hi": 713,
      "e t": 712,
      "ave": 706,
      " ha": 696,
      "re ": 681,
      "his": 647,
      "on ": 643,
      "her": 641,
      "n t": 626,
      "e s": 614,
      "e o": 613,
      " ma": 611,
      "s, ": 610,
      "ver": 603,
      " wi": 591,
      "ter": 561,
      "e, ": 558,
      "for": 558,
      "t t": 552,
      "me ": 541
    }
  },
  "punctuation": {
    "comma": 84.29,
    "period": 50.28,
    "semicolon": 9.33,
    "colon": 0.59,
    "dash": 0.0,
    "exclamation": 3.31,
    "question": 0.96,
    "ellipsis": 0.0,
    "parenthesis": 0.69,
    "quotation": 6.85
  },
  "contractions": {
    "total": 0,
    "rate_per_1000": 0.0,
    "top_contractions": {}
  },
  "sentence_openers": {
    "top_words": {
      "i": 357,
      "he": 166,
      "the": 159,
      "it": 111,
      "we": 59,
      "they": 56,
      "mr.": 50,
      "this": 48,
      "my": 48,
      "in": 44,
      "“": 40,
      "she": 38,
      "his": 35,
      "but": 32,
      "there": 28,
      "when": 28,
      "and": 21,
      "as": 17,
      "at": 17,
      "a": 16
    },
    "pos_distribution": {
      "PRON": 0.5062,
      "DET": 0.1242,
      "ADP": 0.0724,
      "PROPN": 0.0657,
      "ADV": 0.0493,
      "SCONJ": 0.0452,
      "CCONJ": 0.0293,
      "PUNCT": 0.0257,
      "VERB": 0.0241,
      "NOUN": 0.0185,
      "AUX": 0.0113,
      "ADJ": 0.0103,
      "PART": 0.0072,
      "INTJ": 0.0051,
      "NUM": 0.0031,
      "X": 0.0026
    },
    "conjunction_start_rate": 2.9
  },
  "paragraphs": {
    "count": 207,
    "mean_length": 196.6,
    "median_length": 154.0,
    "one_sentence_ratio": 0.159,
    "top_openers": {
      "i": 39,
      "the": 17,
      "in": 14,
      "mr.": 11,
      "my": 7,
      "we": 7,
      "it": 6,
      "this": 6,
      "“they’ll": 6,
      "after": 3,
      "colonel": 3,
      "very": 3,
      "from": 3,
      "a": 2,
      "every": 2
    }
  },
  "dialogue": {
    "quoted_word_ratio": 0.56,
    "narration_word_ratio": 0.44,
    "top_attribution_verbs": {
      "say": 24,
      "call": 6,
      "come": 5,
      "find": 4,
      "shout": 3,
      "have": 3,
      "mark": 3,
      "think": 3,
      "betray": 3,
      "succor": 2,
      "hide": 2,
      "beat": 2,
      "reply": 2,
      "treat": 2,
      "work": 2
    }
  },
  "syntax": {
    "mean_tree_depth": 5.46,
    "median_tree_depth": 5.0,
    "stdev_tree_depth": 2.41,
    "tense_distribution": {
      "Past": 0.497,
      "None": 0.316,
      "Pres": 0.187
    },
    "sentence_type_mix": {
      "declarative": 0.943,
      "interrogative": 0.011,