{
  "document_id": "8c82fba6b9445c1b",
  "document_title": "Up from Slavery",
  "segment_id": null,
  "computed_at": "2026-04-12T14:48:26.559587",
  "word_count": 76742,
  "readability": {
    "flesch_reading_ease": 61.22475740737907,
    "flesch_kincaid_grade": 10.859672325011662,
    "gunning_fog": 13.230354968794067,
    "coleman_liau": 8.213591170300102,
    "ari": 11.98056704248306,
    "smog": 12.02367274841302
  },
  "sentences": {
    "count": 2915,
    "mean_length": 29.61,
    "median_length": 26.0,
    "stdev_length": 17.69,
    "skewness": 2.06,
    "min_length": 1,
    "max_length": 211,
    "length_distribution": [
      30,
      155,
      322,
      372,
      434,
      418,
      275,
      261,
      181,
      135,
      97,
      76,
      42,
      29,
      25,
      22,
      12,
      8,
      5,
      0,
      3,
      4,
      1,
      0,
      1,
      1,
      0,
      2,
      0,
      0,
      0,
      1,
      0,
      0,
      0,
      0,
      2,
      0,
      0,
      0,
      0,
      0,
      1,
      0
    ]
  },
  "vocabulary": {
    "total_tokens": 77463,
    "unique_types": 5801,
    "ttr": 0.0749,
    "hapax_legomena": 2471,
    "hapax_ratio": 0.426,
    "yules_k": 124.2,
    "honores_r": 1961.11
  },
  "function_words": {
    "frequencies": {
      "the": 64.07,
      "of": 34.93,
      "to": 31.33,
      "and": 24.67,
      "i": 23.33,
      "in": 22.72,
      "a": 19.28,
      "that": 17.85,
      "was": 12.68,
      "for": 9.28,
      "had": 7.95,
      "as": 7.65,
      "it": 7.4,
      "my": 7.36,
      "at": 6.82,
      "this": 5.94,
      "not": 5.76,
      "with": 5.67,
      "have": 5.38,
      "me": 5.26,
      "were": 5.16,
      "is": 5.02,
      "one": 4.9,
      "be": 4.8,
      "from": 4.62,
      "which": 4.37,
      "he": 4.36,
      "we": 4.12,
      "or": 3.81,
      "who": 3.81
    },
    "top_n": 30
  },
  "pos": {
    "tag_distribution": {
      "NOUN": 0.1693,
      "ADP": 0.1206,
      "DET": 0.1046,
      "VERB": 0.1045,
      "PRON": 0.1025,
      "PUNCT": 0.1019,
      "ADJ": 0.061,
      "AUX": 0.0553,
      "PROPN": 0.0396,
      "ADV": 0.0394,
      "CCONJ": 0.0325,
      "SCONJ": 0.0287,
      "PART": 0.028,
      "NUM": 0.0116,
      "X": 0.0002,
      "INTJ": 0.0001,
      "SYM": 0.0001
    },
    "adjective_noun_ratio": 0.2922,
    "adverb_density": 3.94,
    "verb_density": 15.98
  },
  "ngrams": {
    "word_bigrams": {
      "of the": 982,
      "in the": 603,
      "that i": 276,
      "to the": 253,
      "for the": 204,
      "i had": 203,
      "i have": 203,
      "to be": 180,
      "i was": 174,
      "that the": 163,
      "at the": 162,
      "it was": 152,
      "and the": 150,
      "from the": 142,
      "the school": 137,
      "in a": 136,
      "of my": 133,
      "with the": 118,
      "on the": 109,
      "when i": 106,
      "was a": 104,
      "the south": 101,
      "one of": 101,
      "had been": 101,
      "to me": 92,
      "of a": 89,
      "the negro": 86,
      "the first": 86,
      "as a": 85,
      "by the": 84,
      "during the": 83,
      "me to": 80,
      "all the": 78,
      "the students": 77,
      "that he": 75,
      "i could": 75,
      "the coloured": 74,
      "seemed to": 74,
      "and that": 74,
      "would be": 74,
      "there was": 74,
      "of our": 73,
      "the white": 72,
      "to do": 71,
      "part of": 71,
      "it is": 70,
      "the most": 68,
      "in this": 68,
      "a large": 67,
      "and i": 66
    },
    "word_trigrams": {
      "one of the": 60,
      "men and women": 44,
      "in the south": 43,
      "the coloured people": 43,
      "i do not": 43,
      "as well as": 42,
      "part of the": 41,
      "that i had": 39,
      "of the school": 36,
      "of the south": 34,
      "that i was": 33,
      "for me to": 29,
      "the fact that": 29,
      "of the negro": 27,
      "with which to": 27,
      "i did not": 25,
      "for the purpose": 25,
      "the purpose of": 25,
      "the white people": 25,
      "of my race": 24,
      "there was a": 24,
      "of the coloured": 23,
      "as soon as": 23,
      "that i could": 23,
      "that i have": 22,
      "most of the": 22,
      "the first time": 21,
      "of the white": 21,
      "people in the": 21,
      "at that time": 21,
      "in order to": 21,
      "the hampton institute": 21,
      "i had been": 20,
      "at the same": 20,
      "at the time": 20,
      "some of the": 20,
      "in some way": 20,
      "i found that": 20,
      "of the students": 20,
      "of the country": 19,
      "parts of the": 19,
      "the same time": 19,
      "of the most": 18,
      "of the people": 18,
      "in addition to": 18,
      "a number of": 18,
      "that i would": 18,
      "out of the": 18,
      "the night school": 18,
      "booker t. washington": 17
    },
    "char_trigrams": {
      " th": 9582,
      "the": 7351,
      "he ": 6022,
      " of": 3162,
      "of ": 3004,
      " to": 2960,
      "to ": 2806,
      " an": 2779,
      " in": 2760,
      "nd ": 2612,
      "ing": 2566,
      "and": 2443,
      "ed ": 2387,
      "at ": 2380,
      "ng ": 2184,
      "in ": 2146,
      " i ": 1995,
      "as ": 1911,
      "e t": 1811,
      " ha": 1758,
      " wh": 1739,
      "hat": 1718,
      "tha": 1704,
      " a ": 1652,
      "er ": 1641,
      "d t": 1614,
      "on ": 1565,
      " wa": 1562,
      "re ": 1549,
      "n t": 1503,
      " co": 1486,
      "t t": 1402,
      " be": 1383,
      "f t": 1349,
      "ion": 1297,
      "e s": 1291,
      "for": 1237,
      "or ": 1236,
      "e w": 1226,
      "was": 1202,
      ", a": 1196,
      "me ": 1180,
      " fo": 1174,
      "is ": 1172,
      "ent": 1170,
      "en ": 1164,
      "her": 1142,
      "ere": 1138,
      "tio": 1134,
      "e o": 1127
    }
  },
  "punctuation": {
    "comma": 59.72,
    "period": 42.74,
    "semicolon": 2.59,
    "colon": 0.98,
    "dash": 0.0,
    "exclamation": 0.25,
    "question": 0.22,
    "ellipsis": 0.0,
    "parenthesis": 0.23,
    "quotation": 5.84
  },
  "contractions": {
    "total": 0,
    "rate_per_1000": 0.0,
    "top_contractions": {}
  },
  "sentence_openers": {
    "top_words": {
      "i": 451,
      "the": 354,
      "in": 212,
      "it": 127,
      "this": 127,
      "when": 97,
      "at": 71,
      "as": 64,
      "he": 55,
      "we": 54,
      "my": 51,
      "there": 44,
      "after": 41,
      "they": 40,
      "one": 39,
      "during": 35,
      "but": 32,
      "a": 31,
      "these": 31,
      "while": 29
    },
    "pos_distribution": {
      "PRON": 0.3489,
      "DET": 0.1852,
      "ADP": 0.1815,
      "SCONJ": 0.0772,
      "ADV": 0.0655,
      "PROPN": 0.0401,
      "ADJ": 0.0257,
      "NUM": 0.0178,
      "CCONJ": 0.0178,
      "NOUN": 0.0144,
      "VERB": 0.0117,
      "PART": 0.0086,
      "AUX": 0.0024,
      "PUNCT": 0.0024,
      "INTJ": 0.0007
    },
    "conjunction_start_rate": 1.8
  },
  "paragraphs": {
    "count": 632,
    "mean_length": 121.3,
    "median_length": 108.0,
    "one_sentence_ratio": 0.133,
    "top_openers": {
      "the": 84,
      "i": 76,
      "in": 59,
      "it": 20,
      "at": 19,
      "when": 19,
      "my": 18,
      "as": 18,
      "chapter": 16,
      "this": 14,
      "after": 14,
      "during": 13,
      "while": 13,
      "from": 11,
      "we": 10
    }
  },
  "dialogue": {
    "quoted_word_ratio": 0.506,
    "narration_word_ratio": 0.494,
    "top_attribution_verbs": {
      "say": 22,
      "call": 13,
      "be": 11,
      "know": 6,
      "hear": 5,
      "tell": 5,
      "come": 5,
      "change": 4,
      "receive": 4,
      "do": 4,
      "give": 4,
      "think": 4,
      "answer": 3,
      "begin": 3,
      "make": 3
    }
  },
  "syntax": {
    "mean_tree_depth": 6.67,
    "median_tree_depth": 6.0,
    "stdev_tree_depth": 2.76,
    "tense_distribution": {
      "Past": 0.483,
      "None": 0.291,
      "Pres": 0.226
    },