{
  "document_id": "5b6c87a9385122cc",
  "document_title": "Crime and Punishment",
  "segment_id": null,
  "computed_at": "2026-04-12T14:54:24.765665",
  "word_count": 203505,
  "readability": {
    "flesch_reading_ease": 77.53403643429375,
    "flesch_kincaid_grade": 5.853742397460582,
    "gunning_fog": 8.115999059434396,
    "coleman_liau": 6.975256151317243,
    "ari": 6.894898385928212,
    "smog": 9.081618930928432
  },
  "sentences": {
    "count": 14179,
    "mean_length": 17.83,
    "median_length": 14.0,
    "stdev_length": 13.72,
    "skewness": 2.08,
    "min_length": 1,
    "max_length": 184,
    "length_distribution": [
      789,
      3708,
      2873,
      2077,
      1509,
      1040,
      683,
      475,
      315,
      202,
      172,
      102,
      71,
      41,
      36,
      25,
      16,
      9,
      14,
      3,
      6,
      4,
      3,
      1,
      2,
      1,
      1,
      0,
      0,
      0,
      0,
      0,
      0,
      0,
      0,
      0,
      1,
      0
    ]
  },
  "vocabulary": {
    "total_tokens": 208670,
    "unique_types": 9508,
    "ttr": 0.0456,
    "hapax_legomena": 3718,
    "hapax_ratio": 0.391,
    "yules_k": 80.59,
    "honores_r": 2011.38
  },
  "function_words": {
    "frequencies": {
      "the": 30.94,
      "and": 27.5,
      "to": 21.42,
      "he": 19.35,
      "a": 18.2,
      "i": 17.34,
      "you": 15.98,
      "of": 15.07,
      "it": 13.62,
      "that": 12.99,
      "in": 12.64,
      "was": 11.31,
      "his": 8.37,
      "at": 8.17,
      "her": 7.23,
      "but": 7.09,
      "not": 7.07,
      "with": 6.76,
      "she": 6.69,
      "for": 6.56,
      "had": 6.32,
      "him": 6.29,
      "is": 5.84,
      "on": 5.84,
      "all": 5.15,
      "what": 4.86,
      "as": 4.77,
      "have": 4.69,
      "be": 4.44,
      "me": 4.24
    },
    "top_n": 30
  },
  "pos": {
    "tag_distribution": {
      "PUNCT": 0.173,
      "PRON": 0.1421,
      "VERB": 0.1224,
      "NOUN": 0.1175,
      "ADP": 0.0873,
      "DET": 0.0635,
      "AUX": 0.0631,
      "ADV": 0.0573,
      "ADJ": 0.0485,
      "CCONJ": 0.0366,
      "PROPN": 0.0285,
      "PART": 0.0252,
      "SCONJ": 0.0239,
      "NUM": 0.0061,
      "INTJ": 0.0048,
      "X": 0.0002,
      "SYM": 0.0
    },
    "adjective_noun_ratio": 0.332,
    "adverb_density": 5.73,
    "verb_density": 18.55
  },
  "ngrams": {
    "word_bigrams": {
      "in the": 779,
      "of the": 598,
      "he was": 509,
      "he had": 507,
      "to the": 488,
      "on the": 479,
      "do n’t": 462,
      "i am": 462,
      "at the": 460,
      "it ’s": 448,
      "it was": 432,
      "that ’s": 351,
      "that he": 338,
      "you are": 327,
      "to be": 308,
      "in a": 307,
      "do you": 292,
      "with a": 266,
      "did not": 256,
      "and he": 250,
      "was a": 249,
      "for the": 246,
      "at once": 245,
      "and i": 241,
      "and the": 240,
      "i have": 231,
      "that i": 228,
      "as though": 227,
      "from the": 224,
      "katerina ivanovna": 216,
      "there was": 211,
      "she was": 210,
      "i was": 198,
      "out of": 197,
      "of a": 196,
      "of his": 193,
      "of it": 193,
      "i do": 193,
      "for a": 188,
      "you know": 186,
      "he is": 184,
      "in his": 183,
      "the door": 183,
      "could not": 179,
      "had been": 178,
      "to him": 174,
      "and that": 172,
      "the same": 172,
      "it is": 166,
      "of course": 164
    },
    "word_trigrams": {
      "i do n’t": 164,
      "there was a": 85,
      "he did not": 77,
      "i am not": 76,
      "you do n’t": 76,
      "the old woman": 75,
      "what do you": 73,
      "do n’t know": 72,
      "he could not": 69,
      "out of the": 68,
      "that he was": 67,
      "it ’s a": 63,
      "it was a": 61,
      "that he had": 60,
      "do you know": 59,
      "as though he": 48,
      "i wo n’t": 46,
      "as soon as": 44,
      "on the sofa": 43,
      "a great deal": 43,
      "looked at him": 42,
      "it would be": 42,
      "it ’s not": 41,
      "i did n’t": 41,
      "i ca n’t": 41,
      "he had been": 40,
      "at that moment": 40,
      "of the room": 40,
      "i ’ve been": 40,
      "he had not": 39,
      "in spite of": 39,
      "that it was": 38,
      "a sort of": 37,
      "that ’s all": 37,
      "on the table": 36,
      "that ’s what": 36,
      "that ’s the": 36,
      "i am a": 36,
      "what are you": 35,
      "do n’t be": 34,
      "what ’s the": 34,
      "as it were": 33,
      "a man of": 33,
      "he is a": 32,
      "there ’s no": 32,
      "did not know": 31,
      "at the same": 31,
      "for a moment": 31,
      "you are a": 31,
      "do n’t you": 31
    },
    "char_trigrams": {
      " th": 16812,
      "he ": 14057,
      "the": 12322,
      " an": 8296,
      "and": 8170,
      " he": 7916,
      "nd ": 7871,
      "ing": 7214,
      "ed ": 6936,
      " to": 6502,
      "at ": 6306,
      "ng ": 5915,
      "to ": 5626,
      "you": 5010,
      "her": 4886,
      " in": 4795,
      " yo": 4741,
      "hat": 4678,
      " a ": 4518,
      "er ": 4386,
      "as ": 4371,
      " ha": 4327,
      " hi": 4220,
      " of": 4181,
      " wa": 4103,
      "is ": 4017,
      " be": 3878,
      "in ": 3871,
      "of ": 3791,
      "re ": 3736,
      " no": 3570,
      "tha": 3518,
      "e t": 3441,
      " i ": 3422,
      " it": 3366,
      "ou ": 3237,
      "ut ": 3225,
      "d t": 3213,
      " wh": 3158,
      "ere": 3059,
      "ly ": 3058,
      "t t": 3056,
      "e w": 3027,
      "ll ": 3025,
      " co": 2984,
      "e s": 2973,
      " so": 2965,
      " on": 2924,
      "was": 2917,
      "e a": 2913
    }
  },
  "punctuation": {
    "comma": 78.82,
    "period": 77.81,
    "semicolon": 5.14,
    "colon": 1.15,
    "dash": 3.19,
    "exclamation": 11.61,
    "question": 11.19,
    "ellipsis": 8.68,
    "parenthesis": 1.54,
    "quotation": 38.87
  },
  "contractions": {
    "total": 0,
    "rate_per_1000": 0.0,
    "top_contractions": {}
  },
  "sentence_openers": {
    "top_words": {
      "“": 2619,
      "he": 1304,
      "i": 1037,
      "and": 676,
      "but": 574,
      "the": 519,
      "she": 477,
      "it": 412,
      "you": 409,
      "what": 253,
      "raskolnikov": 249,
      "they": 178,
      "there": 178,
      "that": 150,
      "a": 146,
      "do": 135,
      "why": 130,
      "in": 128,
      "at": 125,
      "well": 112
    },
    "pos_distribution": {
      "PRON": 0.3417,
      "PUNCT": 0.1937,
      "CCONJ": 0.0901,
      "PROPN": 0.0715,
      "DET": 0.06,
      "ADV": 0.0532,
      "ADP": 0.0386,
      "SCONJ": 0.0384,
      "VERB": 0.0315,
      "INTJ": 0.0272,
      "AUX": 0.026,
      "NOUN": 0.0111,
      "ADJ": 0.008,
      "NUM": 0.0048,
      "PART": 0.0039,
      "X": 0.0003
    },
    "conjunction_start_rate": 9.0
  },
  "paragraphs": {
    "count": 3719,
    "mean_length": 54.6,
    "median_length": 24.0,
    "one_sentence_ratio": 0.308,
    "top_openers": {
      "“i": 266,
      "he": 213,
      "“what": 129,
      "raskolnikov": 126,
      "“you": 122,
      "“but": 94,
      "“and": 89,
      "“yes,": 82,
      "the": 76,
      "“oh,": 67,
      "“no,": 62,
      "and": 58,
      "“why,": 53,
      "“well,": 52,
      "“that’s": 48
    }
  },
  "dialogue": {
    "quoted_word_ratio": 0.529,
    "narration_word_ratio": 0.471,
    "top_attribution_verbs": {
      "say": 557,
      "cry": 331,
      "go": 297,
      "’": 286,
      "think": 240,
      "ask": 203,
      "know": 203,
      "come": 183,
      "answer": 146,
      "begin": 128,
      "have": 124,
      "do": 121,
      "tell": 113,
      "see": 108,
      "want": 105
    }
  },
  "syntax": {
    "mean_tree_depth": 3.96,
    "median_tree_depth": 4.0,
    "stdev_tree_depth": 2.14,
    "tense_distribution": {
      "Past": 0.425,
      "None": 0.295,
      "Pres": 0.28
    },
    "sentence_type_mix": {
      "declarative": 0.81,