{
  "document_id": "65622f5f3b7f91d3",
  "document_title": "Grimms Märchen",
  "segment_id": null,
  "computed_at": "2026-04-12T14:55:06.529833",
  "word_count": 101111,
  "readability": {
    "flesch_reading_ease": 80.68157015052097,
    "flesch_kincaid_grade": 8.814959135426921,
    "gunning_fog": 10.601325791575334,
    "coleman_liau": 5.6680414206450465,
    "ari": 9.628937589261604,
    "smog": 9.179486803397227
  },
  "sentences": {
    "count": 12519,
    "mean_length": 9.73,
    "median_length": 7.0,
    "stdev_length": 9.18,
    "skewness": 1.69,
    "min_length": 0,
    "max_length": 86,
    "length_distribution": [
      4575,
      3182,
      1792,
      1215,
      796,
      453,
      219,
      136,
      77,
      32,
      21,
      7,
      8,
      2,
      2,
      1,
      0,
      1,
      0
    ]
  },
  "vocabulary": {
    "total_tokens": 101659,
    "unique_types": 4893,
    "ttr": 0.0481,
    "hapax_legomena": 1829,
    "hapax_ratio": 0.3738,
    "yules_k": 122.25,
    "honores_r": 1841.16
  },
  "function_words": {
    "frequencies": {
      "in": 9.54,
      "so": 5.98,
      "man": 1.87,
      "am": 1.24,
      "an": 1.1,
      "die": 0.17,
      "hat": 0.11,
      "war": 0.06,
      "er": 0.04,
      "den": 0.03,
      "und": 0.01
    },
    "top_n": 30
  },
  "pos": {
    "tag_distribution": {
      "PROPN": 0.3738,
      "X": 0.3124,
      "PUNCT": 0.1451,
      "NOUN": 0.0437,
      "ADV": 0.033,
      "VERB": 0.0293,
      "ADP": 0.0186,
      "ADJ": 0.0155,
      "PRON": 0.0108,
      "AUX": 0.0089,
      "DET": 0.0044,
      "NUM": 0.0038,
      "CCONJ": 0.0003,
      "SCONJ": 0.0003,
      "PART": 0.0001,
      "INTJ": 0.0
    },
    "adjective_noun_ratio": 0.037,
    "adverb_density": 3.3,
    "verb_density": 3.82
  },
  "ngrams": {
    "word_bigrams": {
      "to the": 433,
      "in the": 424,
      "and the": 407,
      "of the": 349,
      "and said": 293,
      "into the": 293,
      "the king": 279,
      "said the": 264,
      "on the": 211,
      "i will": 208,
      "and when": 200,
      "but the": 182,
      "he had": 178,
      "he was": 178,
      "it was": 174,
      "then the": 174,
      "to be": 167,
      "when he": 154,
      "when the": 152,
      "that he": 149,
      "at the": 149,
      "and he": 140,
      "she was": 139,
      "came to": 138,
      "him and": 136,
      "i am": 133,
      "it and": 131,
      "then he": 130,
      "as he": 128,
      "the little": 128,
      "that the": 127,
      "did not": 126,
      "all the": 126,
      "at last": 125,
      "and as": 125,
      "said he": 120,
      "the old": 116,
      "by the": 114,
      "for the": 112,
      "a little": 112,
      "the door": 111,
      "and then": 110,
      "out of": 108,
      "said to": 105,
      "to her": 104,
      "they were": 103,
      "and she": 100,
      "i have": 97,
      "began to": 96,
      "so he": 95
    },
    "word_trigrams": {
      "the king ’s": 77,
      "came to the": 65,
      "and when he": 59,
      "out of the": 49,
      "the old woman": 47,
      "and when she": 40,
      "and as he": 38,
      "to the king": 35,
      "as soon as": 35,
      "said to the": 34,
      "when he had": 33,
      "he came to": 33,
      "went to the": 33,
      "went into the": 32,
      "into the forest": 32,
      "and when the": 32,
      "there was a": 32,
      "one of the": 32,
      "and said to": 31,
      "came to a": 30,
      "that he had": 30,
      "and said i": 29,
      "he did not": 29,
      "they came to": 29,
      "the king and": 29,
      "the little tailor": 29,
      "and i will": 28,
      "the forest and": 27,
      "king ’s son": 27,
      "at last he": 27,
      "i will give": 26,
      "a long time": 26,
      "and at last": 26,
      "king ’s daughter": 25,
      "the little man": 25,
      "that it was": 25,
      "when he came": 25,
      "he went to": 25,
      "there was once": 24,
      "said to him": 23,
      "he could not": 23,
      "in the world": 23,
      "as he was": 23,
      "she came to": 23,
      "and began to": 23,
      "thought to himself": 22,
      "did not know": 22,
      "and when they": 22,
      "in the evening": 22,
      "he said to": 21
    },
    "char_trigrams": {
      " th": 12095,
      "the": 10803,
      "he ": 10164,
      "nd ": 6135,
      " an": 5987,
      "and": 5890,
      " he": 3965,
      " to": 3422,
      ", a": 3261,
      "to ": 3145,
      "ed ": 3124,
      "her": 3020,
      "d t": 2907,
      "er ": 2674,
      "ing": 2646,
      "at ": 2567,
      "as ": 2258,
      " hi": 2208,
      "en ": 2205,
      " ha": 2179,
      "ng ": 2129,
      "e t": 2077,
      "e w": 2068,
      " wa": 2060,
      "ll ": 2020,
      " sh": 1953,
      " wh": 1943,
      " a ": 1904,
      " wi": 1902,
      "n t": 1845,
      " be": 1829,
      " sa": 1821,
      "e s": 1803,
      "t t": 1801,
      " in": 1763,
      "is ": 1742,
      "ut ": 1666,
      "hat": 1637,
      "you": 1622,
      "re ": 1588,
      " of": 1584,
      " yo": 1521,
      "d h": 1507,
      "she": 1473,
      " so": 1469,
      "was": 1405,
      "e, ": 1401,
      " fo": 1394,
      "e h": 1394,
      "his": 1381
    }
  },
  "punctuation": {
    "comma": 86.59,
    "period": 34.97,
    "semicolon": 12.47,
    "colon": 7.12,
    "dash": 0.79,
    "exclamation": 5.61,
    "question": 4.43,
    "ellipsis": 0.0,
    "parenthesis": 0.22,
    "quotation": 0.26
  },
  "contractions": {
    "total": 0,
    "rate_per_1000": 0.0,
    "top_contractions": {}
  },
  "sentence_openers": {
    "top_words": {
      "’": 1659,
      "and": 655,
      "the": 635,
      "he": 606,
      "‘": 540,
      "was": 530,
      "then": 394,
      "but": 338,
      "so": 278,
      "a": 233,
      "him": 223,
      "she": 189,
      "it": 188,
      "when": 178,
      "at": 128,
      "me": 126,
      "i": 123,
      "you": 121,
      "in": 109,
      "they": 101
    },
    "pos_distribution": {
      "X": 0.3695,
      "PROPN": 0.3393,
      "NOUN": 0.1087,
      "PUNCT": 0.0484,
      "ADV": 0.0421,
      "PRON": 0.0324,
      "ADP": 0.0195,
      "ADJ": 0.0141,
      "VERB": 0.0101,
      "NUM": 0.0065,
      "DET": 0.0062,
      "AUX": 0.003,
      "PART": 0.0002,
      "CCONJ": 0.0001
    },
    "conjunction_start_rate": 0.0
  },
  "paragraphs": {
    "count": 922,
    "mean_length": 109.5,
    "median_length": 80.5,
    "one_sentence_ratio": 0.057,
    "top_openers": {
      "the": 157,
      "then": 83,
      "when": 58,
      "and": 38,
      "but": 30,
      "there": 29,
      "so": 24,
      "a": 17,
      "he": 17,
      "now": 17,
      "at": 16,
      "she": 16,
      "after": 14,
      "as": 13,
      "one": 12
    }
  },
  "dialogue": {
    "quoted_word_ratio": 0.187,
    "narration_word_ratio": 0.813,
    "top_attribution_verbs": {
      "asked": 1,
      "what": 1
    }
  },
  "syntax": {
    "mean_tree_depth": 2.43,
    "median_tree_depth": 2.0,
    "stdev_tree_depth": 1.67,
    "tense_distribution": {
      "Pres": 0.721,
      "Past": 0.185,
      "None": 0.094
    },
    "sentence_type_mix": {
      "declarative": 0.93,
      "interrogative": 0.033,
      "exclamatory": 0.037
    }
  }
}