{
  "document_id": "ebd1c0141b4cf038",
  "document_title": "Moby-Dick",
  "segment_id": null,
  "computed_at": "2026-04-12T14:41:02.680984",
  "word_count": 212796,
  "readability": {
    "flesch_reading_ease": 64.9606787031085,
    "flesch_kincaid_grade": 9.96887010067723,
    "gunning_fog": 12.373552010547998,
    "coleman_liau": 9.012594472645237,
    "ari": 12.365176716392625,
    "smog": 11.181861260334177
  },
  "sentences": {
    "count": 9405,
    "mean_length": 27.7,
    "median_length": 22.0,
    "stdev_length": 24.03,
    "skewness": 2.28,
    "min_length": 1,
    "max_length": 353,
    "length_distribution": [
      838,
      1315,
      1120,
      997,
      890,
      805,
      747,
      553,
      423,
      354,
      257,
      236,
      176,
      153,
      121,
      84,
      76,
      55,
      35,
      31,
      21,
      22,
      14,
      14,
      9,
      11,
      5,
      4,
      4,
      5,
      8,
      2,
      3,
      1,
      4,
      1,
      0,
      3,
      0,
      0,
      1,
      0,
      0,
      0,
      2,
      1,
      0,
      0,
      1,
      0,
      1,
      0,
      1,
      0,
      0,
      0,
      0,
      0,
      0,
      0,
      0,
      0,
      0,
      0,
      0,
      0,
      0,
      0,
      0,
      0,
      1,
      0
    ]
  },
  "vocabulary": {
    "total_tokens": 218640,
    "unique_types": 17788,
    "ttr": 0.0814,
    "hapax_legomena": 8072,
    "hapax_ratio": 0.4538,
    "yules_k": 93.43,
    "honores_r": 2251.0
  },
  "function_words": {
    "frequencies": {
      "the": 55.63,
      "of": 25.41,
      "and": 24.68,
      "a": 18.08,
      "to": 17.74,
      "in": 16.03,
      "that": 11.74,
      "his": 9.71,
      "it": 9.55,
      "i": 7.94,
      "he": 7.22,
      "but": 6.88,
      "as": 6.66,
      "with": 6.61,
      "is": 6.59,
      "was": 6.32,
      "for": 6.18,
      "all": 5.81,
      "this": 5.32,
      "at": 5.06,
      "not": 4.66,
      "by": 4.62,
      "from": 4.18,
      "him": 4.07,
      "so": 4.07,
      "on": 4.06,
      "be": 4.01,
      "one": 3.54,
      "you": 3.42,
      "there": 3.24
    },
    "top_n": 30
  },
  "pos": {
    "tag_distribution": {
      "NOUN": 0.1661,
      "PUNCT": 0.1585,
      "ADP": 0.1037,
      "VERB": 0.1006,
      "DET": 0.0964,
      "PRON": 0.0816,
      "ADJ": 0.069,
      "ADV": 0.055,
      "AUX": 0.0413,
      "PROPN": 0.0385,
      "CCONJ": 0.0356,
      "SCONJ": 0.0229,
      "PART": 0.0188,
      "NUM": 0.0093,
      "INTJ": 0.0022,
      "X": 0.0004,
      "SYM": 0.0
    },
    "adjective_noun_ratio": 0.3371,
    "adverb_density": 5.5,
    "verb_density": 14.19
  },
  "ngrams": {
    "word_bigrams": {
      "of the": 1886,
      "in the": 1180,
      "to the": 731,
      "from the": 441,
      "the whale": 413,
      "of his": 373,
      "and the": 370,
      "on the": 358,
      "of a": 334,
      "at the": 330,
      "to be": 329,
      "by the": 320,
      "with the": 312,
      "for the": 305,
      "it was": 296,
      "it is": 282,
      "in his": 263,
      "in a": 258,
      "the ship": 250,
      "with a": 249,
      "into the": 246,
      "the sea": 226,
      "upon the": 220,
      "that the": 220,
      "as the": 216,
      "all the": 209,
      "out of": 174,
      "for a": 169,
      "sperm whale": 166,
      "like a": 160,
      "the pequod": 160,
      "the same": 159,
      "one of": 149,
      "he was": 145,
      "is the": 143,
      "to his": 142,
      "at last": 142,
      "but the": 139,
      "the white": 138,
      "of all": 138,
      "and then": 136,
      "the other": 136,
      "over the": 135,
      "in this": 135,
      "such a": 134,
      "of this": 134,
      "as if": 133,
      "as a": 130,
      "of that": 128,
      "so that": 127
    },
    "word_trigrams": {
      "the sperm whale": 117,
      "of the whale": 112,
      "the white whale": 86,
      "one of the": 64,
      "of the sea": 60,
      "out of the": 57,
      "the whale ’s": 54,
      "the ship ’s": 53,
      "a sort of": 53,
      "part of the": 52,
      "the pequod ’s": 44,
      "of the sperm": 41,
      "of the ship": 36,
      "the old man": 33,
      "the right whale": 33,
      "it was a": 33,
      "i do n’t": 33,
      "in the sea": 29,
      "it is a": 29,
      "of the pequod": 28,
      "sperm whale ’s": 27,
      "of the boat": 26,
      "for a moment": 25,
      "in the air": 24,
      "to be the": 24,
      "at the same": 24,
      "to the deck": 23,
      "the same time": 23,
      "for the time": 22,
      "in order to": 22,
      "the quarter deck": 22,
      "the bottom of": 20,
      "the sea and": 20,
      "into the sea": 20,
      "by no means": 20,
      "old man ’s": 19,
      "now and then": 19,
      "that in the": 19,
      "there is no": 19,
      "one of those": 19,
      "must have been": 19,
      "it was the": 19,
      "at the time": 19,
      "out of sight": 18,
      "it was that": 18,
      "so as to": 18,
      "the whale and": 18,
      "in the fishery": 18,
      "from the ship": 17,
      "whale ’s head": 17
    },
    "char_trigrams": {
      " th": 25700,
      "the": 19920,
      "he ": 16400,
      "ing": 8084,
      "and": 7931,
      "nd ": 7838,
      " an": 7805,
      "ed ": 7235,
      " of": 6982,
      "ng ": 6961,
      "of ": 6581,
      " in": 6320,
      " to": 5630,
      "is ": 5425,
      " wh": 5409,
      "at ": 5330,
      "to ": 5090,
      "in ": 5050,
      " a ": 4607,
      "er ": 4381,
      "e s": 4246,
      " hi": 4223,
      ", a": 4117,
      "his": 4050,
      "hat": 3906,
      " he": 3879,
      "e t": 3721,
      "n t": 3707,
      "as ": 3691,
      "re ": 3672,
      "tha": 3558,
      "her": 3554,
      " be": 3529,
      " ha": 3464,
      "d t": 3318,
      "s, ": 3263,
      "ly ": 3261,
      "ll ": 3200,
      "ere": 3143,
      "t t": 3045,
      " no": 3032,
      "e, ": 3029,
      ", t": 2998,
      "e w": 2984,
      "all": 2940,
      " it": 2935,
      " wi": 2931,
      " st": 2930,
      " co": 2905,
      " so": 2875
    }
  },
  "punctuation": {
    "comma": 90.4,
    "period": 37.47,
    "semicolon": 19.63,
    "colon": 0.94,
    "dash": 0.0,
    "exclamation": 8.3,
    "question": 4.73,
    "ellipsis": 0.05,
    "parenthesis": 2.03,
    "quotation": 14.54
  },
  "contractions": {
    "total": 0,
    "rate_per_1000": 0.0,
    "top_contractions": {}
  },
  "sentence_openers": {
    "top_words": {
      "“": 834,
      "but": 681,
      "the": 652,
      "and": 357,
      "i": 350,
      "it": 285,
      "he": 231,
      "in": 216,
      "for": 192,
      "so": 140,
      "there": 135,
      "what": 134,
      "now": 131,
      "chapter": 126,
      "a": 123,
      "as": 113,
      "this": 108,
      "oh": 86,
      "that": 84,
      "at": 80
    },
    "pos_distribution": {
      "PRON": 0.1662,
      "CCONJ": 0.1222,
      "PUNCT": 0.1115,
      "DET": 0.1109,
      "ADV": 0.0973,
      "ADP": 0.0888,
      "PROPN": 0.0718,
      "VERB": 0.07,
      "SCONJ": 0.0476,
      "NOUN": 0.029,
      "INTJ": 0.026,
      "ADJ": 0.0237,
      "AUX": 0.02,
      "PART": 0.008,
      "NUM": 0.0062,
      "X": 0.0009
    },
    "conjunction_start_rate": 12.2
  },
  "paragraphs": {
    "count": 2729,
    "mean_length": 77.9,
    "median_length": 49.0,
    "one_sentence_ratio": 0.255,
    "top_openers": {
      "chapter": 250,
      "but": 150,
      "the": 103,
      "it": 69,
      "in": 65,
      "“i": 57,
      "i": 52,
      "now,": 50,
      "“the": 42,
      "as": 38,
      "“and": 33,
      "and": 33,
      "at": 30,
      "“aye,": 28,
      "“what": 27
    }
  },
  "dialogue": {
    "quoted_word_ratio": 0.451,
    "narration_word_ratio": 0.549,
    "top_attribution_verbs": {
      "say": 374,
      "cry": 199,
      "see": 65,
      "go": 61,
      "’": 45,
      "look": 38,
      "do": 37,
      "have": 36,
      "think": 35,
      "come": 33,
      "know": 27,
      "tell": 27,
      "’s": 22,