{
  "document_id": "7af58e14bca43353",
  "document_title": "The Portrait of a Lady",
  "segment_id": null,
  "computed_at": "2026-04-12T14:45:48.013014",
  "word_count": 116833,
  "readability": {
    "flesch_reading_ease": 70.98240622468458,
    "flesch_kincaid_grade": 7.442649014409874,
    "gunning_fog": 9.843227752437777,
    "coleman_liau": 7.705346948208128,
    "ari": 8.469730512789226,
    "smog": 10.28298269331419
  },
  "sentences": {
    "count": 6287,
    "mean_length": 23.05,
    "median_length": 19.0,
    "stdev_length": 15.73,
    "skewness": 1.72,
    "min_length": 1,
    "max_length": 143,
    "length_distribution": [
      162,
      882,
      1162,
      1062,
      739,
      603,
      470,
      345,
      255,
      212,
      128,
      74,
      63,
      32,
      38,
      12,
      11,
      9,
      8,
      2,
      3,
      1,
      4,
      2,
      4,
      1,
      0,
      1,
      2,
      0
    ]
  },
  "vocabulary": {
    "total_tokens": 121608,
    "unique_types": 8306,
    "ttr": 0.0683,
    "hapax_legomena": 3881,
    "hapax_ratio": 0.4673,
    "yules_k": 84.43,
    "honores_r": 2197.77
  },
  "function_words": {
    "frequencies": {
      "the": 32.61,
      "to": 26.03,
      "of": 25.03,
      "a": 20.28,
      "i": 19.34,
      "and": 17.08,
      "you": 15.29,
      "she": 14.85,
      "her": 14.5,
      "that": 13.97,
      "it": 12.82,
      "in": 12.38,
      "was": 10.69,
      "had": 10.08,
      "he": 9.44,
      "as": 7.53,
      "with": 6.66,
      "but": 6.49,
      "for": 6.42,
      "his": 6.36,
      "do": 5.91,
      "not": 5.85,
      "at": 5.45,
      "be": 5.14,
      "said": 4.48,
      "have": 4.2,
      "one": 3.89,
      "on": 3.88,
      "me": 3.86,
      "very": 3.75
    },
    "top_n": 30
  },
  "pos": {
    "tag_distribution": {
      "PUNCT": 0.1592,
      "PRON": 0.1426,
      "VERB": 0.1218,
      "NOUN": 0.1205,
      "ADP": 0.0893,
      "DET": 0.0687,
      "AUX": 0.0613,
      "ADJ": 0.0611,
      "ADV": 0.0529,
      "PROPN": 0.0347,
      "PART": 0.0297,
      "CCONJ": 0.0256,
      "SCONJ": 0.0231,
      "NUM": 0.0057,
      "INTJ": 0.0036,
      "X": 0.0002
    },
    "adjective_noun_ratio": 0.3935,
    "adverb_density": 5.29,
    "verb_density": 18.31
  },
  "ngrams": {
    "word_bigrams": {
      "of the": 642,
      "do n’t": 447,
      "in the": 400,
      "i ’m": 334,
      "she had": 329,
      "i do": 314,
      "it ’s": 273,
      "to be": 253,
      "it was": 247,
      "to the": 244,
      "she was": 239,
      "madame merle": 226,
      "of her": 213,
      "of a": 210,
      "he had": 185,
      "i ’ve": 185,
      "on the": 185,
      "had been": 184,
      "to her": 180,
      "lord warburton": 170,
      "you ’re": 170,
      "in a": 163,
      "that she": 163,
      "with a": 162,
      "mrs. touchett": 160,
      "that ’s": 159,
      "at the": 154,
      "but i": 150,
      "that i": 146,
      "he was": 145,
      "was not": 143,
      "i should": 143,
      "was a": 140,
      "a great": 137,
      "’s a": 135,
      "and the": 131,
      "of his": 123,
      "to see": 123,
      "for the": 122,
      "she ’s": 121,
      "that he": 121,
      "a little": 119,
      "with the": 119,
      "i shall": 117,
      "if you": 117,
      "do you": 115,
      "miss stackpole": 110,
      "with her": 109,
      "and i": 108,
      "you do": 107
    },
    "word_trigrams": {
      "i do n’t": 289,
      "you do n’t": 65,
      "i ’m not": 65,
      "the old man": 64,
      "do n’t know": 58,
      "do n’t think": 56,
      "a great deal": 49,
      "i ca n’t": 48,
      "it ’s a": 46,
      "one of the": 40,
      "a good deal": 39,
      "i should like": 39,
      "i ’m afraid": 34,
      "it ’s not": 34,
      "in the world": 32,
      "that ’s what": 31,
      "the young man": 31,
      "mrs. touchett ’s": 30,
      "do n’t see": 29,
      "should like to": 29,
      "it was not": 29,
      "it was a": 29,
      "i ’m very": 29,
      "do you mean": 27,
      "in spite of": 26,
      "do n’t you": 26,
      "said madame merle": 25,
      "she had been": 25,
      "that she had": 25,
      "but i do": 25,
      "that she was": 24,
      "seems to me": 23,
      "had not been": 23,
      "a kind of": 23,
      "n’t think i": 23,
      "it had been": 23,
      "there was a": 23,
      "by no means": 23,
      "i ’ve been": 22,
      "there ’s no": 22,
      "in love with": 22,
      "do n’t care": 22,
      "a great many": 21,
      "you ’re very": 21,
      "you ’re not": 21,
      "it would be": 21,
      "madame merle had": 20,
      "she had not": 20,
      "to see you": 20,
      "she ’s a": 20
    },
    "char_trigrams": {
      " th": 10053,
      "he ": 7945,
      "the": 7408,
      " to": 4618,
      " he": 4175,
      "her": 4040,
      "er ": 3979,
      "to ": 3902,
      "ed ": 3842,
      " of": 3772,
      "of ": 3618,
      " an": 3421,
      "nd ": 3251,
      "at ": 3180,
      "ing": 3024,
      "and": 2982,
      "you": 2865,
      " a ": 2853,
      " sh": 2842,
      "as ": 2836,
      " in": 2805,
      " ha": 2765,
      "ng ": 2669,
      "hat": 2613,
      " yo": 2575,
      "tha": 2342,
      "she": 2291,
      " wa": 2272,
      "e t": 2229,
      " be": 2192,
      "re ": 2093,
      "in ": 2040,
      "d t": 1995,
      " wh": 1928,
      " it": 1885,
      " co": 1882,
      "is ": 1759,
      "e a": 1749,
      "t t": 1746,
      "ent": 1689,
      "ver": 1685,
      "ere": 1683,
      " i ": 1667,
      "on ": 1660,
      " hi": 1657,
      " no": 1651,
      "e w": 1644,
      "thi": 1639,
      "e s": 1609,
      "e h": 1609
    }
  },
  "punctuation": {
    "comma": 59.74,
    "period": 55.33,
    "semicolon": 12.65,
    "colon": 1.22,
    "dash": 7.65,
    "exclamation": 2.73,
    "question": 5.85,
    "ellipsis": 0.01,
    "parenthesis": 1.15,
    "quotation": 51.18
  },
  "contractions": {
    "total": 0,
    "rate_per_1000": 0.0,
    "top_contractions": {}
  },
  "sentence_openers": {
    "top_words": {
      "“": 1904,
      "i": 469,
      "she": 446,
      "the": 284,
      "he": 261,
      "it": 257,
      "but": 237,
      "isabel": 200,
      "you": 156,
      "and": 109,
      "ralph": 91,
      "her": 83,
      "there": 82,
      "if": 72,
      "this": 68,
      "madame": 66,
      "they": 64,
      "that": 61,
      "his": 54,
      "what": 48
    },
    "pos_distribution": {
      "PRON": 0.3348,
      "PUNCT": 0.3052,
      "PROPN": 0.0977,
      "DET": 0.0631,
      "CCONJ": 0.056,
      "ADP": 0.0317,
      "SCONJ": 0.0299,
      "ADV": 0.0286,
      "AUX": 0.0145,
      "VERB": 0.0126,
      "NOUN": 0.0067,
      "NUM": 0.0057,
      "INTJ": 0.0056,
      "ADJ": 0.0046,
      "PART": 0.0033
    },
    "conjunction_start_rate": 5.6
  },
  "paragraphs": {
    "count": 2298,
    "mean_length": 50.8,
    "median_length": 19.0,
    "one_sentence_ratio": 0.332,
    "top_openers": {
      "“i": 291,
      "“you": 90,
      "isabel": 67,
      "the": 62,
      "“i’m": 62,
      "“well,": 62,
      "“ah,": 60,
      "“oh,": 43,
      "she": 43,
      "“yes,": 41,
      "“if": 41,
      "“do": 41,
      "“it’s": 39,
      "“no,": 35,
      "“it": 34
    }
  },
  "dialogue": {
    "quoted_word_ratio": 0.525,
    "narration_word_ratio": 0.475,
    "top_attribution_verbs": {
      "say": 942,
      "’": 364,
      "think": 185,
      "’m": 183,
      "do": 168,
      "know": 163,
      "ask": 161,
      "go": 147,
      "have": 141,
      "’re": 129,
      "like": 121,
      "mean": 107,
      "answer": 101,
      "see": 93,
      "tell": 77
    }
  },
  "syntax": {
    "mean_tree_depth": 4.93,
    "median_tree_depth": 4.0,
    "stdev_tree_depth": 2.59,
    "tense_distribution": {
      "Past": 0.424,
      "None": 0.313,
      "Pres": 0.263
    },
    "sentence_type_mix": {
      "declarative": 0.956,
      "exclamatory": 0.01,
      "interrogative": 0.034
    }
  }
}