{
  "document_id": "f0103eff731b8c9a",
  "document_title": "The Time Machine",
  "segment_id": null,
  "computed_at": "2026-04-12T14:50:39.522398",
  "word_count": 32453,
  "readability": {
    "flesch_reading_ease": 70.91520764675285,
    "flesch_kincaid_grade": 7.608081407381523,
    "gunning_fog": 10.004002078863037,
    "coleman_liau": 7.73846201263677,
    "ari": 8.408024177820831,
    "smog": 10.178922157426484
  },
  "sentences": {
    "count": 1893,
    "mean_length": 20.17,
    "median_length": 18.0,
    "stdev_length": 12.1,
    "skewness": 1.32,
    "min_length": 1,
    "max_length": 106,
    "length_distribution": [
      39,
      320,
      356,
      352,
      254,
      212,
      143,
      77,
      56,
      36,
      21,
      9,
      6,
      7,
      3,
      0,
      0,
      1,
      0,
      0,
      0,
      1,
      0
    ]
  },
  "vocabulary": {
    "total_tokens": 32892,
    "unique_types": 4600,
    "ttr": 0.1399,
    "hapax_legomena": 2390,
    "hapax_ratio": 0.5196,
    "yules_k": 122.74,
    "honores_r": 2164.91
  },
  "function_words": {
    "frequencies": {
      "the": 59.83,
      "i": 33.07,
      "and": 32.49,
      "of": 30.45,
      "a": 21.42,
      "to": 17.91,
      "was": 14.45,
      "in": 14.27,
      "that": 11.6,
      "my": 11.55,
      "it": 11.42,
      "had": 9.3,
      "me": 7.36,
      "as": 7.04,
      "at": 6.39,
      "for": 5.79,
      "with": 5.68,
      "time": 5.42,
      "but": 5.37,
      "were": 4.14,
      "this": 3.98,
      "on": 3.59,
      "you": 3.59,
      "then": 3.51,
      "not": 3.46,
      "his": 3.38,
      "there": 3.27,
      "he": 3.19,
      "from": 3.19,
      "have": 3.19
    },
    "top_n": 30
  },
  "pos": {
    "tag_distribution": {
      "NOUN": 0.1541,
      "PUNCT": 0.1377,
      "VERB": 0.1138,
      "PRON": 0.1115,
      "ADP": 0.1055,
      "DET": 0.0985,
      "ADJ": 0.0673,
      "ADV": 0.0559,
      "AUX": 0.048,
      "CCONJ": 0.0409,
      "PROPN": 0.0231,
      "SCONJ": 0.0219,
      "PART": 0.0154,
      "NUM": 0.006,
      "INTJ": 0.0004,
      "X": 0.0001
    },
    "adjective_noun_ratio": 0.3799,
    "adverb_density": 5.59,
    "verb_density": 16.18
  },
  "ngrams": {
    "word_bigrams": {
      "of the": 309,
      "in the": 173,
      "i had": 130,
      "i was": 112,
      "and the": 109,
      "the time": 106,
      "it was": 99,
      "to the": 85,
      "as i": 78,
      "of a": 73,
      "i saw": 68,
      "i could": 67,
      "time traveller": 64,
      "and i": 62,
      "in a": 61,
      "that i": 61,
      "for the": 51,
      "to me": 51,
      "at the": 50,
      "into the": 49,
      "from the": 47,
      "of my": 47,
      "upon the": 46,
      "for a": 45,
      "on the": 45,
      "i felt": 45,
      "that the": 44,
      "was a": 44,
      "the morlocks": 41,
      "with a": 41,
      "said the": 40,
      "in my": 40,
      "time machine": 39,
      "was the": 39,
      "then i": 39,
      "seemed to": 37,
      "to be": 36,
      "had been": 36,
      "the same": 36,
      "there was": 34,
      "out of": 34,
      "and then": 34,
      "by the": 32,
      "a little": 32,
      "but i": 31,
      "the machine": 30,
      "the little": 30,
      "they were": 30,
      "with the": 30,
      "i found": 30
    },
    "word_trigrams": {
      "the time traveller": 63,
      "the time machine": 30,
      "the medical man": 24,
      "it seemed to": 16,
      "it was a": 15,
      "here and there": 15,
      "seemed to me": 14,
      "i did not": 14,
      "i saw the": 13,
      "the white sphinx": 12,
      "for a moment": 12,
      "said the time": 12,
      "out of the": 12,
      "i could see": 12,
      "i began to": 12,
      "a kind of": 11,
      "said the medical": 11,
      "one of the": 11,
      "i saw a": 11,
      "and i was": 11,
      "i could not": 11,
      "the little people": 11,
      "palace of green": 10,
      "of green porcelain": 10,
      "i had a": 10,
      "to me that": 10,
      "i do n’t": 10,
      "that i was": 10,
      "the palace of": 9,
      "i thought of": 9,
      "i did so": 9,
      "that i had": 9,
      "i had seen": 9,
      "in the end": 9,
      "must have been": 9,
      "of the morlocks": 9,
      "time traveller ’s": 8,
      "it must have": 8,
      "there was a": 8,
      "that it was": 8,
      "it was the": 8,
      "of the little": 8,
      "of the time": 8,
      "as it seemed": 8,
      "and then i": 8,
      "at the time": 8,
      "time machine and": 8,
      "a moment i": 8,
      "as i did": 8,
      "i determined to": 8
    },
    "char_trigrams": {
      " th": 3888,
      "the": 3149,
      "he ": 2447,
      "nd ": 1501,
      " an": 1446,
      "and": 1398,
      "ed ": 1194,
      " of": 1188,
      " i ": 1175,
      "of ": 1163,
      "ing": 1103,
      "ng ": 977,
      " in": 917,
      " to": 869,
      "as ": 835,
      "at ": 822,
      " a ": 803,
      "to ": 802,
      "d t": 771,
      "e t": 748,
      ", a": 748,
      " wa": 714,
      " ha": 704,
      "in ": 645,
      "er ": 635,
      "me ": 610,
      "re ": 602,
      "n t": 564,
      "was": 564,
      "e s": 556,
      "hat": 530,
      "ere": 521,
      " my": 497,
      " it": 492,
      "on ": 487,
      "her": 487,
      "tha": 483,
      "ly ": 476,
      " be": 467,
      "t t": 464,
      "f t": 458,
      "en ": 450,
      "my ": 443,
      ". i": 441,
      "e w": 437,
      " me": 436,
      " we": 424,
      "e, ": 424,
      "e a": 417,
      " co": 415
    }
  },
  "punctuation": {
    "comma": 69.33,
    "period": 55.59,
    "semicolon": 3.36,
    "colon": 1.2,
    "dash": 0.0,
    "exclamation": 2.06,
    "question": 2.96,
    "ellipsis": 0.28,
    "parenthesis": 0.55,
    "quotation": 16.24
  },
  "contractions": {
    "total": 0,
    "rate_per_1000": 0.0,
    "top_contractions": {}
  },
  "sentence_openers": {
    "top_words": {
      "i": 328,
      "“": 278,
      "the": 193,
      "and": 87,
      "it": 83,
      "but": 79,
      "then": 74,
      "he": 41,
      "at": 34,
      "there": 33,
      "for": 32,
      "they": 30,
      "in": 30,
      "as": 21,
      "a": 19,
      "we": 17,
      "you": 16,
      "so": 16,
      "this": 15,
      "yet": 15
    },
    "pos_distribution": {
      "PRON": 0.3317,
      "PUNCT": 0.1564,
      "DET": 0.1268,
      "ADV": 0.1109,
      "CCONJ": 0.0967,
      "ADP": 0.0697,
      "SCONJ": 0.0306,
      "VERB": 0.0227,
      "PROPN": 0.0169,
      "NOUN": 0.0106,
      "AUX": 0.0079,
      "NUM": 0.0079,
      "ADJ": 0.0063,
      "PART": 0.0026,
      "INTJ": 0.0016,
      "X": 0.0005
    },
    "conjunction_start_rate": 9.7
  },
  "paragraphs": {
    "count": 314,
    "mean_length": 103.2,
    "median_length": 100.5,
    "one_sentence_ratio": 0.146,
    "top_openers": {
      "“i": 43,
      "the": 18,
      "“the": 18,
      "“it": 13,
      "“but": 11,
      "“and": 9,
      "“as": 9,
      "he": 7,
      "i": 6,
      "“you": 6,
      "“so": 6,
      "“that": 5,
      "“there": 5,
      "“then": 5,
      "“now,": 4
    }
  },
  "dialogue": {
    "quoted_word_ratio": 0.489,
    "narration_word_ratio": 0.511,
    "top_attribution_verbs": {
      "say": 134,
      "think": 21,
      "’": 14,
      "have": 11,
      "get": 11,
      "come": 10,
      "begin": 9,
      "be": 9,
      "seem": 9,
      "cry": 9,
      "go": 9,
      "know": 8,
      "see": 7,
      "travel": 7,
      "look": 7
    }
  },
  "syntax": {
    "mean_tree_depth": 4.84,
    "median_tree_depth": 5.0,
    "stdev_tree_depth": 2.12,
    "tense_distribution": {
      "Past": 0.592,
      "None": 0.221,
      "Pres": 0.187
    },
    "sentence_type_mix": {
      "declarative": 0.948,
      "interrogative": 0.026,
      "exclamatory": 0.025
    }
  }
}