{
  "document_id": "ffcae851be1ef46a",
  "document_title": "The War of the Worlds",
  "segment_id": null,
  "computed_at": "2026-04-12T14:50:21.688540",
  "word_count": 60075,
  "readability": {
    "flesch_reading_ease": 68.83802896003378,
    "flesch_kincaid_grade": 8.331222888045353,
    "gunning_fog": 10.433382647044946,
    "coleman_liau": 8.372663212780491,
    "ari": 9.634066982708468,
    "smog": 10.263629763422273
  },
  "sentences": {
    "count": 3255,
    "mean_length": 21.61,
    "median_length": 19.0,
    "stdev_length": 14.4,
    "skewness": 1.56,
    "min_length": 1,
    "max_length": 125,
    "length_distribution": [
      144,
      523,
      524,
      497,
      434,
      373,
      239,
      171,
      125,
      88,
      55,
      23,
      16,
      12,
      6,
      7,
      4,
      4,
      5,
      0,
      0,
      1,
      0,
      2,
      1,
      1
    ]
  },
  "vocabulary": {
    "total_tokens": 60964,
    "unique_types": 6763,
    "ttr": 0.1109,
    "hapax_legomena": 3229,
    "hapax_ratio": 0.4775,
    "yules_k": 128.17,
    "honores_r": 2108.52
  },
  "function_words": {
    "frequencies": {
      "the": 68.49,
      "and": 35.59,
      "of": 32.82,
      "a": 23.26,
      "i": 18.39,
      "to": 16.69,
      "in": 14.3,
      "was": 12.14,
      "that": 11.29,
      "it": 9.77,
      "had": 8.29,
      "my": 6.71,
      "as": 6.41,
      "with": 6.4,
      "at": 6.33,
      "he": 6.04,
      "on": 5.4,
      "were": 5.25,
      "for": 4.95,
      "they": 4.86,
      "from": 4.68,
      "but": 4.18,
      "me": 3.82,
      "we": 3.81,
      "there": 3.75,
      "by": 3.64,
      "his": 3.6,
      "this": 3.55,
      "out": 3.34,
      "have": 3.16
    },
    "top_n": 30
  },
  "pos": {
    "tag_distribution": {
      "NOUN": 0.1723,
      "PUNCT": 0.1321,
      "ADP": 0.1182,
      "VERB": 0.1137,
      "DET": 0.1081,
      "PRON": 0.0924,
      "ADJ": 0.0609,
      "ADV": 0.0474,
      "AUX": 0.0445,
      "CCONJ": 0.0425,
      "PROPN": 0.0276,
      "SCONJ": 0.0187,
      "PART": 0.014,
      "NUM": 0.0073,
      "INTJ": 0.0004,
      "X": 0.0,
      "SYM": 0.0
    },
    "adjective_noun_ratio": 0.3047,
    "adverb_density": 4.74,
    "verb_density": 15.81
  },
  "ngrams": {
    "word_bigrams": {
      "of the": 743,
      "in the": 372,
      "and the": 218,
      "to the": 169,
      "it was": 159,
      "on the": 138,
      "at the": 137,
      "the martians": 137,
      "in a": 124,
      "from the": 123,
      "into the": 109,
      "of a": 107,
      "my brother": 103,
      "had been": 101,
      "out of": 100,
      "i had": 97,
      "with the": 93,
      "i was": 92,
      "was a": 87,
      "by the": 84,
      "for the": 84,
      "with a": 83,
      "and a": 82,
      "as i": 75,
      "that the": 75,
      "for a": 75,
      "across the": 73,
      "and then": 73,
      "there was": 73,
      "the road": 72,
      "the pit": 72,
      "and i": 70,
      "through the": 66,
      "i saw": 65,
      "was the": 61,
      "over the": 58,
      "he said": 56,
      "upon the": 56,
      "i could": 55,
      "to be": 53,
      "that i": 52,
      "as the": 50,
      "there were": 50,
      "he was": 48,
      "it is": 46,
      "the first": 46,
      "they were": 45,
      "against the": 45,
      "as it": 45,
      "all the": 44
    },
    "word_trigrams": {
      "out of the": 53,
      "of the martians": 29,
      "the heat ray": 28,
      "there was a": 28,
      "one of the": 25,
      "of the pit": 24,
      "a number of": 23,
      "to and fro": 22,
      "the red weed": 21,
      "it was the": 21,
      "for a moment": 19,
      "it was a": 18,
      "side of the": 18,
      "a couple of": 18,
      "edge of the": 16,
      "for a time": 16,
      "of the martian": 15,
      "and in the": 15,
      "the edge of": 15,
      "of the cylinder": 15,
      "ulla ulla ulla": 14,
      "i could not": 14,
      "at that time": 14,
      "here and there": 13,
      "the sand pits": 13,
      "the direction of": 13,
      "along the road": 13,
      "i did not": 13,
      "my brother ’s": 13,
      "a sort of": 12,
      "that i had": 12,
      "of the people": 12,
      "so soon as": 12,
      "at first i": 12,
      "in the darkness": 12,
      "the martians had": 12,
      "i heard a": 12,
      "in the air": 12,
      "the martians were": 12,
      "in another moment": 12,
      "i could see": 12,
      "it seemed to": 11,
      "i saw the": 11,
      "part of the": 11,
      "of the heat": 11,
      "the top of": 11,
      "for the most": 11,
      "the most part": 11,
      "the black smoke": 11,
      "seemed to me": 10
    },
    "char_trigrams": {
      " th": 7801,
      "the": 6600,
      "he ": 5274,
      "nd ": 2890,
      " an": 2853,
      "and": 2741,
      "ing": 2539,
      "ed ": 2381,
      " of": 2369,
      "of ": 2309,
      "ng ": 2164,
      " a ": 1601,
      " in": 1578,
      " to": 1538,
      "at ": 1429,
      "to ": 1374,
      "as ": 1348,
      "d t": 1328,
      ", a": 1305,
      "er ": 1279,
      " wa": 1278,
      " i ": 1206,
      "in ": 1173,
      " ha": 1171,
      "e t": 1139,
      "e s": 1110,
      "n t": 1108,
      "re ": 1069,
      "on ": 1044,
      " st": 1034,
      "f t": 1003,
      "ere": 967,
      " he": 958,
      "hat": 935,
      "t t": 934,
      "her": 932,
      "en ": 929,
      " be": 920,
      " we": 899,
      "tha": 881,
      "was": 858,
      "e w": 857,
      "d a": 846,
      " it": 827,
      "e o": 824,
      "e a": 818,
      "ly ": 818,
      " ma": 813,
      " co": 806,
      "ad ": 765
    }
  },
  "punctuation": {
    "comma": 68.91,
    "period": 52.4,
    "semicolon": 4.04,
    "colon": 0.37,
    "dash": 0.0,
    "exclamation": 3.38,
    "question": 2.01,
    "ellipsis": 0.02,
    "parenthesis": 0.63,
    "quotation": 13.53
  },
  "contractions": {
    "total": 0,
    "rate_per_1000": 0.0,
    "top_contractions": {}
  },
  "sentence_openers": {
    "top_words": {
      "i": 406,
      "the": 356,
      "“": 271,
      "it": 160,
      "he": 159,
      "and": 130,
      "they": 82,
      "but": 80,
      "a": 77,
      "there": 73,
      "in": 72,
      "at": 70,
      "then": 68,
      "we": 61,
      "my": 56,
      "for": 50,
      "as": 43,
      "that": 36,
      "all": 28,
      "one": 27
    },
    "pos_distribution": {
      "PRON": 0.3545,
      "DET": 0.1598,
      "ADP": 0.1032,
      "PUNCT": 0.0866,
      "ADV": 0.0833,
      "CCONJ": 0.0682,
      "SCONJ": 0.0338,
      "PROPN": 0.0298,
      "NOUN": 0.0184,
      "ADJ": 0.0178,
      "VERB": 0.0175,
      "NUM": 0.0126,
      "AUX": 0.0095,
      "PART": 0.0025,
      "INTJ": 0.0022,
      "SYM": 0.0003
    },
    "conjunction_start_rate": 6.8
  },
  "paragraphs": {
    "count": 888,
    "mean_length": 67.6,
    "median_length": 62.0,
    "one_sentence_ratio": 0.205,
    "top_openers": {
      "i": 96,
      "the": 79,
      "it": 33,
      "he": 24,
      "for": 24,
      "and": 23,
      "in": 23,
      "at": 22,
      "then": 17,
      "a": 16,
      "“i": 16,
      "“what": 15,
      "my": 15,
      "but": 13,
      "after": 12
    }
  },
  "dialogue": {
    "quoted_word_ratio": 0.463,
    "narration_word_ratio": 0.537,
    "top_attribution_verbs": {
      "say": 264,
      "’": 39,
      "go": 37,
      "come": 35,
      "cry": 29,
      "ask": 19,
      "see": 18,
      "do": 17,
      "know": 16,
      "have": 16,
      "shout": 16,
      "mean": 15,
      "get": 15,
      "stop": 11,
      "begin": 9
    }
  },
  "syntax": {
    "mean_tree_depth": 5.05,
    "median_tree_depth": 5.0,
    "stdev_tree_depth": 2.43,
    "tense_distribution": {
      "Past": 0.599,
      "Pres": 0.217,
      "None": 0.183
    },
    "sentence_type_mix": {
      "declarative": 0.962,
      "interrogative": 0.013,
      "exclamatory": 0.025
    }
  }
}