{
  "document_id": "a46a20beaf8f9207",
  "document_title": "Il Decamerone",
  "segment_id": null,
  "computed_at": "2026-04-12T14:57:54.543004",
  "word_count": 138891,
  "readability": {
    "flesch_reading_ease": 72.32839598843955,
    "flesch_kincaid_grade": 18.376465455606887,
    "gunning_fog": 20.588678693179773,
    "coleman_liau": 8.304152101997136,
    "ari": 20.065556839536036,
    "smog": 15.770602793992989
  },
  "sentences": {
    "count": 5143,
    "mean_length": 31.44,
    "median_length": 27.0,
    "stdev_length": 22.91,
    "skewness": 1.5,
    "min_length": 0,
    "max_length": 187,
    "length_distribution": [
      277,
      436,
      509,
      560,
      573,
      514,
      425,
      404,
      303,
      216,
      205,
      172,
      109,
      108,
      68,
      62,
      46,
      23,
      36,
      21,
      13,
      12,
      10,
      6,
      3,
      4,
      8,
      6,
      6,
      3,
      1,
      3,
      0,
      0,
      0,
      0,
      0,
      1,
      0
    ]
  },
  "vocabulary": {
    "total_tokens": 139856,
    "unique_types": 9732,
    "ttr": 0.0696,
    "hapax_legomena": 4246,
    "hapax_ratio": 0.4363,
    "yules_k": 95.22,
    "honores_r": 2101.87
  },
  "function_words": {
    "frequencies": {
      "a": 14.89,
      "in": 14.0,
      "i": 9.67,
      "come": 1.1,
      "fra": 0.34,
      "da": 0.17,
      "di": 0.08,
      "della": 0.06,
      "o": 0.04,
      "la": 0.01,
      "lo": 0.01,
      "degli": 0.01,
      "del": 0.01,
      "le": 0.01
    },
    "top_n": 30
  },
  "pos": {
    "tag_distribution": {
      "NOUN": 0.2336,
      "PROPN": 0.1664,
      "PUNCT": 0.1344,
      "ADP": 0.1083,
      "X": 0.1082,
      "VERB": 0.0715,
      "ADJ": 0.0603,
      "DET": 0.0508,
      "CCONJ": 0.0352,
      "PRON": 0.0116,
      "ADV": 0.0089,
      "PART": 0.0037,
      "AUX": 0.0023,
      "SYM": 0.0019,
      "NUM": 0.0019,
      "INTJ": 0.0006,
      "SCONJ": 0.0004,
      "SPACE": 0.0
    },
    "adjective_noun_ratio": 0.1506,
    "adverb_density": 0.89,
    "verb_density": 7.38
  },
  "ngrams": {
    "word_bigrams": {
      "of the": 942,
      "in the": 491,
      "to the": 464,
      "the lady": 333,
      "that he": 324,
      "and the": 295,
      "he had": 270,
      "to be": 261,
      "of his": 260,
      "he was": 257,
      "by the": 225,
      "with the": 206,
      "that i": 194,
      "on the": 182,
      "and so": 179,
      "that the": 165,
      "for the": 165,
      "of her": 160,
      "i have": 159,
      "which he": 159,
      "of a": 146,
      "the king": 144,
      "in a": 139,
      "that she": 136,
      "as he": 135,
      "with a": 134,
      "i am": 133,
      "from the": 133,
      "to his": 125,
      "him and": 124,
      "him to": 124,
      "she had": 119,
      "with her": 119,
      "one of": 119,
      "and in": 118,
      "she was": 104,
      "at the": 103,
      "to her": 102,
      "had been": 102,
      "to him": 98,
      "her to": 97,
      "with him": 97,
      "in his": 95,
      "they were": 94,
      "the same": 93,
      "and that": 92,
      "all the": 91,
      "the abbot": 91,
      "a few": 90,
      "of all": 89
    },
    "word_trigrams": {
      "that he was": 70,
      "which he had": 56,
      "that he had": 51,
      "not a few": 49,
      "the king of": 46,
      "one of the": 44,
      "the lady 's": 43,
      "in the world": 33,
      "that she was": 31,
      "i know not": 31,
      "of the king": 30,
      "the rest of": 29,
      "that i have": 28,
      "as soon as": 28,
      "by reason of": 27,
      "of the lady": 26,
      "out of the": 26,
      "one of his": 26,
      "as if he": 25,
      "what he had": 24,
      "that i am": 23,
      "i am minded": 23,
      "that he would": 22,
      "and in the": 22,
      "that he might": 22,
      "that she had": 21,
      "that they were": 21,
      "on the morrow": 20,
      "it so befell": 20,
      "so befell that": 20,
      "part of the": 20,
      "so much as": 20,
      "the queen 's": 20,
      "a man of": 19,
      "that there was": 19,
      "to the king": 19,
      "being minded to": 18,
      "the lady and": 18,
      "the young man": 18,
      "he had been": 18,
      "it is that": 18,
      "if he were": 18,
      "the good man": 17,
      "the house of": 17,
      "the same time": 17,
      "that it was": 17,
      "and the lady": 16,
      "was minded to": 16,
      "am minded to": 15,
      "the lady who": 15
    },
    "char_trigrams": {
      " th": 15605,
      "the": 11819,
      "he ": 10386,
      " an": 6549,
      "and": 6490,
      "nd ": 6289,
      " to": 5306,
      "to ": 5014,
      "ed ": 4942,
      " he": 4741,
      "her": 4676,
      " of": 4315,
      "of ": 4204,
      " wh": 3901,
      "er ": 3898,
      "at ": 3857,
      "ing": 3711,
      ", a": 3683,
      "ng ": 3386,
      " hi": 3363,
      "as ": 3189,
      "hat": 3154,
      "d t": 3130,
      "tha": 3113,
      " be": 3078,
      " in": 3067,
      "e t": 2943,
      "is ": 2788,
      " ha": 2785,
      "in ": 2665,
      "ere": 2628,
      " wi": 2613,
      "re ": 2564,
      "e, ": 2558,
      " no": 2497,
      " a ": 2399,
      "ith": 2213,
      " so": 2202,
      "t t": 2140,
      "his": 2119,
      "th ": 2087,
      "for": 2080,
      " ma": 2034,
      " co": 2033,
      " sh": 2016,
      "wit": 2007,
      "e w": 1970,
      "n t": 1964,
      " fo": 1918,
      " wa": 1908
    }
  },
  "punctuation": {
    "comma": 101.52,
    "period": 23.01,
    "semicolon": 10.86,
    "colon": 5.03,
    "dash": 4.69,
    "exclamation": 0.88,
    "question": 1.8,
    "ellipsis": 0.0,
    "parenthesis": 2.28,
    "quotation": 18.87
  },
  "contractions": {
    "total": 14,
    "rate_per_1000": 0.1,
    "top_contractions": {
      "rinaldod'": 5,
      "\nd'": 2,
      "inl'": 1,
      "wrotel'": 1,
      "laberintod'": 1,
      "fiorinid'": 1,
      "\nl'": 1,
      "fiorinod'": 1,
      "guasparrinod'": 1
    }
  },
  "sentence_openers": {
    "top_words": {
      "\"": 615,
      "and": 547,
      "the": 270,
      "but": 243,
      "so": 234,
      "wherefore": 175,
      "he": 168,
      "which": 110,
      "for": 99,
      "i": 92,
      "nor": 81,
      "she": 80,
      "in": 77,
      "novel": 74,
      "to": 64,
      "now": 63,
      "'": 54,
      "then": 52,
      "as": 51,
      "--": 50
    },
    "pos_distribution": {
      "PROPN": 0.2966,
      "PUNCT": 0.1623,
      "NOUN": 0.1069,
      "DET": 0.0836,
      "VERB": 0.0804,
      "CCONJ": 0.0787,
      "ADP": 0.0699,
      "X": 0.0436,
      "PRON": 0.0247,
      "ADJ": 0.0193,
      "ADV": 0.0169,
      "INTJ": 0.0062,
      "AUX": 0.0047,
      "NUM": 0.0029,
      "SYM": 0.0025,
      "SCONJ": 0.0006
    },
    "conjunction_start_rate": 7.9
  },
  "paragraphs": {
    "count": 471,
    "mean_length": 294.6,
    "median_length": 127.0,
    "one_sentence_ratio": 0.121,
    "top_openers": {
      "the": 50,
      "--": 45,
      "novel": 39,
      "(1)": 22,
      "when": 17,
      "now": 16,
      "so": 14,
      "in": 12,
      "as": 9,
      "(2)": 8,
      "having": 8,
      "but": 7,
      "a": 7,
      "and": 6,
      "not": 6
    }
  },
  "dialogue": {
    "quoted_word_ratio": 0.472,
    "narration_word_ratio": 0.528,
    "top_attribution_verbs": {
      "sapere": 74,
      "replied": 31,
      "replie ed": 30,
      "this": 26,
      "is": 18,
      "isre": 9,
      "that": 6,
      "asked": 6,
      "would": 5,
      "friar": 5,
      "said": 5,
      "and": 4,
      "Whereto": 4,
      "avere": 3,
      "Whereupon": 3
    }
  },
  "syntax": {
    "mean_tree_depth": 4.41,
    "median_tree_depth": 4.0,
    "stdev_tree_depth": 1.67,
    "tense_distribution": {
      "Pres": 0.504,
      "Past": 0.205,
      "None": 0.186,
      "Fut": 0.076,
      "Imp": 0.031
    },
    "sentence_type_mix": {
      "declarative": 0.941,
      "interrogative": 0.042,
      "exclamatory": 0.017
    }
  }
}