{
  "document_id": "9e2bcd1d4ae99e84",
  "document_title": "The Souls of Black Folk",
  "segment_id": null,
  "computed_at": "2026-04-12T14:48:45.390879",
  "word_count": 68628,
  "readability": {
    "flesch_reading_ease": 56.750280099903236,
    "flesch_kincaid_grade": 11.80142221115327,
    "gunning_fog": 14.168851113136496,
    "coleman_liau": 9.93123688505479,
    "ari": 14.185717292703217,
    "smog": 12.54043147098848
  },
  "sentences": {
    "count": 2633,
    "mean_length": 30.5,
    "median_length": 27.0,
    "stdev_length": 18.88,
    "skewness": 1.58,
    "min_length": 1,
    "max_length": 178,
    "length_distribution": [
      55,
      176,
      234,
      328,
      349,
      336,
      255,
      236,
      200,
      115,
      86,
      75,
      56,
      33,
      23,
      18,
      14,
      13,
      7,
      6,
      4,
      0,
      4,
      4,
      0,
      1,
      1,
      1,
      1,
      0,
      0,
      0,
      0,
      1,
      0,
      1,
      0
    ]
  },
  "vocabulary": {
    "total_tokens": 69861,
    "unique_types": 8765,
    "ttr": 0.1255,
    "hapax_legomena": 4499,
    "hapax_ratio": 0.5133,
    "yules_k": 136.67,
    "honores_r": 2291.77
  },
  "function_words": {
    "frequencies": {
      "the": 69.55,
      "and": 45.58,
      "of": 39.36,
      "to": 19.35,
      "a": 17.66,
      "in": 16.02,
      "is": 8.45,
      "that": 8.09,
      "it": 6.16,
      "with": 6.16,
      "he": 6.15,
      "was": 6.08,
      "for": 5.76,
      "his": 5.62,
      "not": 5.42,
      "this": 5.18,
      "as": 5.01,
      "but": 4.93,
      "they": 4.33,
      "all": 4.15,
      "by": 4.1,
      "i": 4.02,
      "are": 3.75,
      "on": 3.65,
      "at": 3.54,
      "from": 3.47,
      "be": 3.4,
      "there": 3.32,
      "their": 3.22,
      "have": 3.21
    },
    "top_n": 30
  },
  "pos": {
    "tag_distribution": {
      "NOUN": 0.1869,
      "PUNCT": 0.129,
      "ADP": 0.1112,
      "DET": 0.1043,
      "VERB": 0.0923,
      "ADJ": 0.0818,
      "PRON": 0.0636,
      "CCONJ": 0.0543,
      "ADV": 0.0465,
      "AUX": 0.0408,
      "PROPN": 0.0407,
      "PART": 0.0184,
      "SCONJ": 0.0166,
      "NUM": 0.012,
      "INTJ": 0.001,
      "X": 0.0006
    },
    "adjective_noun_ratio": 0.3595,
    "adverb_density": 4.65,
    "verb_density": 13.31
  },
  "ngrams": {
    "word_bigrams": {
      "of the": 951,
      "in the": 406,
      "and the": 333,
      "to the": 228,
      "the negro": 150,
      "the south": 123,
      "on the": 121,
      "from the": 114,
      "of a": 113,
      "the black": 112,
      "it is": 109,
      "the world": 105,
      "is the": 100,
      "to be": 94,
      "at the": 90,
      "for the": 90,
      "by the": 90,
      "and a": 85,
      "with the": 84,
      "that the": 81,
      "to day": 73,
      "it was": 70,
      "with a": 63,
      "is a": 62,
      "of his": 61,
      "all the": 58,
      "the white": 58,
      "in a": 57,
      "and yet": 56,
      "of this": 56,
      "as the": 55,
      "there is": 52,
      "was a": 52,
      "the freedmen": 52,
      "was the": 49,
      "but the": 47,
      "of their": 47,
      "this is": 46,
      "the other": 44,
      "the land": 44,
      "and then": 42,
      "and in": 42,
      "and there": 42,
      "he had": 41,
      "into the": 41,
      "out of": 41,
      "as a": 40,
      "the same": 39,
      "is not": 39,
      "the great": 38
    },
    "word_trigrams": {
      "of the negro": 52,
      "of the south": 45,
      "in the south": 38,
      "of the black": 32,
      "the freedmen ’s": 29,
      "of the freedmen": 28,
      "here and there": 24,
      "out of the": 22,
      "freedmen ’s bureau": 22,
      "the shadow of": 21,
      "the black belt": 21,
      "of the land": 19,
      "the hands of": 17,
      "of the slave": 16,
      "to day the": 16,
      "it is a": 16,
      "in the world": 15,
      "to be a": 15,
      "on the other": 15,
      "mr. washington ’s": 15,
      "the mass of": 14,
      "the best of": 14,
      "to be sure": 14,
      "this is the": 13,
      "the black man": 13,
      "the other hand": 13,
      "of the cotton": 13,
      "it was a": 12,
      "and in the": 12,
      "the color line": 12,
      "of the bureau": 12,
      "within the veil": 11,
      "of the nation": 11,
      "of the world": 11,
      "it is the": 11,
      "hundred and fifty": 11,
      "mass of the": 11,
      "the south is": 11,
      "shadow of death": 10,
      "at the same": 10,
      "part of the": 10,
      "best of the": 10,
      "per cent of": 10,
      "the temptation of": 9,
      "of to day": 9,
      "the same time": 9,
      "and a half": 9,
      "the centre of": 9,
      "that of the": 9,
      "of black men": 9
    },
    "char_trigrams": {
      " th": 8854,
      "the": 7613,
      "he ": 6177,
      "and": 4288,
      "nd ": 4086,
      " an": 3951,
      " of": 3242,
      "of ": 3172,
      "ed ": 2381,
      "ing": 2053,
      " in": 1922,
      " to": 1875,
      "to ": 1626,
      "ng ": 1622,
      "is ": 1510,
      "in ": 1495,
      ", a": 1439,
      "d t": 1427,
      " a ": 1402,
      "re ": 1391,
      "e s": 1381,
      "er ": 1362,
      "f t": 1314,
      "e t": 1291,
      "her": 1268,
      "ion": 1233,
      "n t": 1223,
      "at ": 1215,
      "on ": 1173,
      " so": 1121,
      " co": 1107,
      " ha": 1096,
      "en ": 1077,
      "as ": 1065,
      " be": 1062,
      " wh": 1053,
      "ere": 1037,
      "ent": 1030,
      "e a": 1028,
      "es ": 1026,
      "s a": 1014,
      "ly ": 1009,
      "s, ": 1000,
      " he": 986,
      "t t": 974,
      "tio": 966,
      "e w": 956,
      "s o": 937,
      "s t": 936,
      "his": 935
    }
  },
  "punctuation": {
    "comma": 80.93,
    "period": 35.76,
    "semicolon": 10.91,
    "colon": 1.84,
    "dash": 0.0,
    "exclamation": 1.27,
    "question": 2.91,
    "ellipsis": 0.01,
    "parenthesis": 0.2,
    "quotation": 10.08
  },
  "contractions": {
    "total": 0,
    "rate_per_1000": 0.0,
    "top_contractions": {}
  },
  "sentence_openers": {
    "top_words": {
      "the": 339,
      "and": 155,
      "he": 107,
      "it": 98,
      "i": 92,
      "in": 90,
      "but": 78,
      "“": 67,
      "they": 60,
      "then": 58,
      "so": 53,
      "there": 51,
      "a": 50,
      "this": 48,
      "to": 40,
      "if": 39,
      "we": 38,
      "here": 35,
      "of": 34,
      "such": 32
    },
    "pos_distribution": {
      "PRON": 0.2203,
      "DET": 0.1785,
      "ADV": 0.1443,
      "ADP": 0.1158,
      "CCONJ": 0.0946,
      "SCONJ": 0.0482,
      "PROPN": 0.0406,
      "ADJ": 0.0323,
      "PUNCT": 0.0277,
      "NOUN": 0.0235,
      "NUM": 0.0182,
      "VERB": 0.0167,
      "AUX": 0.0133,
      "PART": 0.0103,
      "X": 0.0087,
      "INTJ": 0.0068
    },
    "conjunction_start_rate": 9.5
  },
  "paragraphs": {
    "count": 482,
    "mean_length": 142.2,
    "median_length": 128.0,
    "one_sentence_ratio": 0.154,
    "top_openers": {
      "the": 63,
      "it": 22,
      "i": 20,
      "and": 19,
      "in": 16,
      "this": 11,
      "but": 10,
      "he": 10,
      "then": 9,
      "thus": 8,
      "a": 7,
      "so": 7,
      "up": 6,
      "all": 6,
      "such": 6
    }
  },
  "dialogue": {
    "quoted_word_ratio": 0.349,
    "narration_word_ratio": 0.651,
    "top_attribution_verbs": {
      "say": 56,
      "come": 11,
      "go": 11,
      "be": 8,
      "do": 8,
      "answer": 7,
      "want": 7,
      "take": 7,
      "cry": 6,
      "add": 6,
      "’": 6,
      "know": 5,
      "think": 5,
      "get": 5,
      "make": 4
    }
  },
  "syntax": {
    "mean_tree_depth": 6.01,
    "median_tree_depth": 6.0,
    "stdev_tree_depth": 2.49,
    "tense_distribution": {
      "Past": 0.444,
      "Pres": 0.315,
      "None": 0.24
    },
    "sentence_type_mix": {
      "declarative": 0.921,
      "interrogative": 0.057,
      "exclamatory": 0.022
    }
  }
}