{
  "document_id": "bfa1ebb5ff5d0db9",
  "document_title": "Little Women",
  "segment_id": null,
  "computed_at": "2026-04-12T14:44:10.094529",
  "word_count": 186112,
  "readability": {
    "flesch_reading_ease": 74.56338113981037,
    "flesch_kincaid_grade": 7.7160909053806215,
    "gunning_fog": 9.727940685274437,
    "coleman_liau": 6.823343363782911,
    "ari": 9.008757598379447,
    "smog": 9.28051169026838
  },
  "sentences": {
    "count": 8551,
    "mean_length": 26.66,
    "median_length": 24.0,
    "stdev_length": 17.02,
    "skewness": 1.34,
    "min_length": 1,
    "max_length": 163,
    "length_distribution": [
      198,
      1023,
      1067,
      1067,
      1039,
      1029,
      854,
      614,
      497,
      377,
      221,
      171,
      126,
      85,
      65,
      30,
      30,
      13,
      9,
      8,
      6,
      4,
      5,
      2,
      2,
      4,
      2,
      0,
      1,
      1,
      0,
      0,
      1,
      0
    ]
  },
  "vocabulary": {
    "total_tokens": 191174,
    "unique_types": 10782,
    "ttr": 0.0564,
    "hapax_legomena": 4512,
    "hapax_ratio": 0.4185,
    "yules_k": 80.97,
    "honores_r": 2091.22
  },
  "function_words": {
    "frequencies": {
      "and": 35.48,
      "the": 33.0,
      "to": 22.25,
      "a": 19.6,
      "i": 17.54,
      "of": 14.93,
      "her": 14.25,
      "it": 12.1,
      "in": 10.73,
      "you": 10.43,
      "she": 10.28,
      "for": 9.68,
      "was": 9.1,
      "as": 8.63,
      "that": 8.43,
      "with": 7.92,
      "he": 7.0,
      "but": 6.42,
      "do": 5.41,
      "so": 4.98,
      "his": 4.9,
      "had": 4.8,
      "at": 4.62,
      "be": 4.36,
      "on": 4.23,
      "not": 4.13,
      "is": 3.93,
      "if": 3.93,
      "all": 3.79,
      "my": 3.7
    },
    "top_n": 30
  },
  "pos": {
    "tag_distribution": {
      "PUNCT": 0.1609,
      "VERB": 0.1322,
      "NOUN": 0.1268,
      "PRON": 0.1216,
      "ADP": 0.0796,
      "DET": 0.0647,
      "ADJ": 0.0643,
      "AUX": 0.0517,
      "ADV": 0.0502,
      "CCONJ": 0.0443,
      "PROPN": 0.0392,
      "SCONJ": 0.0281,
      "PART": 0.028,
      "NUM": 0.0055,
      "INTJ": 0.0026,
      "X": 0.0001,
      "SYM": 0.0
    },
    "adjective_noun_ratio": 0.3874,
    "adverb_density": 5.02,
    "verb_density": 18.39
  },
  "ngrams": {
    "word_bigrams": {
      "in the": 613,
      "of the": 605,
      "do n’t": 540,
      "with a": 443,
      "and i": 401,
      "i ’m": 389,
      "and the": 385,
      "to be": 340,
      "to the": 336,
      "it was": 313,
      "i do": 303,
      "it ’s": 301,
      "for the": 298,
      "in a": 298,
      "on the": 271,
      "at the": 263,
      "as if": 261,
      "as she": 249,
      "she had": 234,
      "in her": 227,
      "i ’ll": 216,
      "she was": 212,
      "but i": 207,
      "of her": 206,
      "was a": 204,
      "a little": 197,
      "with the": 187,
      "ca n’t": 187,
      "did n’t": 186,
      "and a": 186,
      "of a": 180,
      "for a": 178,
      "wo n’t": 175,
      "to her": 155,
      "to do": 153,
      "the little": 151,
      "if i": 148,
      "i ’ve": 148,
      "out of": 148,
      "that she": 147,
      "the old": 147,
      "to see": 146,
      "if you": 144,
      "it is": 144,
      "you are": 142,
      "like a": 139,
      "did not": 139,
      "with her": 138,
      "it and": 137,
      "mrs. march": 137
    },
    "word_trigrams": {
      "i do n’t": 219,
      "i ca n’t": 102,
      "in spite of": 79,
      "i did n’t": 60,
      "as well as": 48,
      "one of the": 48,
      "i ’m not": 48,
      "it ’s a": 47,
      "and i ’m": 46,
      "i wo n’t": 45,
      "you do n’t": 44,
      "do n’t know": 44,
      "out of the": 42,
      "it was a": 40,
      "i ’m afraid": 39,
      "there was a": 38,
      "as if she": 38,
      "i could n’t": 36,
      "i want to": 36,
      "do n’t you": 36,
      "she did not": 36,
      "the old gentleman": 36,
      "and i do": 35,
      "i ’m glad": 34,
      "and do n’t": 33,
      "as if he": 32,
      "the old lady": 32,
      "if she had": 31,
      "i ’m going": 31,
      "do n’t think": 31,
      "a pair of": 30,
      "for a minute": 30,
      "i ’m sure": 29,
      "but i do": 29,
      "that she had": 28,
      "now and then": 27,
      "it is n’t": 27,
      "and i ’ll": 27,
      "to do it": 26,
      "’m going to": 26,
      "i ’ve got": 26,
      "all sorts of": 25,
      "by and by": 24,
      "there was no": 24,
      "we do n’t": 24,
      "he did not": 23,
      "that she was": 23,
      "i have n’t": 23,
      "i wish i": 23,
      "to be a": 22
    },
    "char_trigrams": {
      " th": 14174,
      "the": 11646,
      "he ": 11294,
      " an": 9419,
      "nd ": 9098,
      "and": 8883,
      "ed ": 6919,
      "er ": 6488,
      " he": 6375,
      " to": 6044,
      "ing": 6009,
      "her": 5883,
      ", a": 5627,
      "ng ": 5327,
      "to ": 5300,
      " a ": 4402,
      "as ": 4152,
      "at ": 3757,
      " of": 3719,
      " be": 3710,
      " ha": 3654,
      " sh": 3469,
      "d t": 3399,
      "of ": 3389,
      " in": 3352,
      "you": 3246,
      "for": 3118,
      " wa": 3110,
      " yo": 3056,
      " wi": 3052,
      "or ": 3038,
      " fo": 3008,
      " wh": 2945,
      "e t": 2940,
      "ll ": 2915,
      "e, ": 2897,
      " it": 2752,
      "in ": 2685,
      "e a": 2684,
      " i ": 2663,
      "ut ": 2661,
      "she": 2653,
      "hat": 2600,
      "re ": 2596,
      " so": 2482,
      " as": 2474,
      "t t": 2458,
      "e s": 2456,
      "tha": 2387,
      "e w": 2374
    }
  },
  "punctuation": {
    "comma": 101.49,
    "period": 48.08,
    "semicolon": 0.2,
    "colon": 0.08,
    "dash": 0.0,
    "exclamation": 4.01,
    "question": 4.65,
    "ellipsis": 0.9,
    "parenthesis": 0.28,
    "quotation": 34.01
  },
  "contractions": {
    "total": 0,
    "rate_per_1000": 0.0,
    "top_contractions": {}
  },
  "sentence_openers": {
    "top_words": {
      "“": 2149,
      "i": 846,
      "she": 338,
      "the": 318,
      "it": 313,
      "he": 232,
      "and": 190,
      "but": 189,
      "jo": 170,
      "you": 145,
      "a": 98,
      "laurie": 97,
      "they": 94,
      "if": 92,
      "meg": 92,
      "amy": 90,
      "so": 89,
      "there": 87,
      "as": 85,
      "we": 82
    },
    "pos_distribution": {
      "PRON": 0.2898,
      "PUNCT": 0.2546,
      "PROPN": 0.1083,
      "DET": 0.0644,
      "ADV": 0.0526,
      "CCONJ": 0.0454,
      "SCONJ": 0.0433,
      "VERB": 0.0428,
      "ADP": 0.0301,
      "AUX": 0.0229,
      "NOUN": 0.0138,
      "ADJ": 0.0123,
      "INTJ": 0.0117,
      "NUM": 0.0046,
      "PART": 0.0034,
      "X": 0.0001
    },
    "conjunction_start_rate": 4.5
  },
  "paragraphs": {
    "count": 3719,
    "mean_length": 49.9,
    "median_length": 34.0,
    "one_sentence_ratio": 0.366,
    "top_openers": {
      "“i": 336,
      "“you": 100,
      "the": 88,
      "“yes,": 88,
      "jo": 72,
      "“what": 68,
      "“i’m": 62,
      "“oh,": 61,
      "“no,": 60,
      "“it’s": 53,
      "laurie": 52,
      "“how": 50,
      "“don’t": 48,
      "chapter": 46,
      "“well,": 42
    }
  },
  "dialogue": {
    "quoted_word_ratio": 0.495,
    "narration_word_ratio": 0.505,
    "top_attribution_verbs": {
      "say": 729,
      "do": 272,
      "ask": 230,
      "’": 228,
      "go": 173,
      "think": 170,
      "cry": 159,
      "’m": 136,
      "have": 136,
      "know": 135,
      "come": 99,
      "tell": 94,
      "add": 78,
      "answer": 74,
      "begin": 73
    }
  },
  "syntax": {
    "mean_tree_depth": 5.21,
    "median_tree_depth": 5.0,
    "stdev_tree_depth": 2.48,
    "tense_distribution": {
      "Past": 0.424,
      "None": 0.328,
      "Pres": 0.248
    },
    "sentence_type_mix": {
      "declarative": 0.93,
      "exclamatory": 0.045,
      "interrogative": 0.025
    }
  }
}