{
  "document_id": "408530d4ecbd3ee5",
  "document_title": "The Call of Cthulhu",
  "segment_id": null,
  "computed_at": "2026-04-12T14:49:44.605556",
  "word_count": 11968,
  "readability": {
    "flesch_reading_ease": 52.761140649010244,
    "flesch_kincaid_grade": 12.40519623971798,
    "gunning_fog": 15.133909944344726,
    "coleman_liau": 10.64366291757596,
    "ari": 14.617260900863847,
    "smog": 13.453115363741436
  },
  "sentences": {
    "count": 437,
    "mean_length": 31.51,
    "median_length": 30.0,
    "stdev_length": 16.08,
    "skewness": 0.96,
    "min_length": 2,
    "max_length": 102,
    "length_distribution": [
      6,
      20,
      30,
      42,
      54,
      65,
      63,
      45,
      37,
      22,
      16,
      11,
      7,
      9,
      2,
      3,
      1,
      0,
      3,
      0,
      1,
      0
    ]
  },
  "vocabulary": {
    "total_tokens": 12139,
    "unique_types": 3159,
    "ttr": 0.2602,
    "hapax_legomena": 1948,
    "hapax_ratio": 0.6167,
    "yules_k": 107.59,
    "honores_r": 2453.16
  },
  "function_words": {
    "frequencies": {
      "the": 58.89,
      "of": 39.06,
      "and": 35.43,
      "a": 17.72,
      "in": 16.12,
      "to": 14.81,
      "was": 12.56,
      "had": 11.55,
      "that": 8.71,
      "i": 8.13,
      "it": 7.91,
      "he": 7.7,
      "his": 6.97,
      "which": 6.9,
      "with": 6.32,
      "from": 6.1,
      "on": 5.81,
      "for": 5.74,
      "as": 5.37,
      "at": 5.37,
      "by": 5.01,
      "but": 4.86,
      "not": 4.36,
      "this": 4.14,
      "my": 3.85,
      "were": 3.63,
      "all": 3.49,
      "an": 3.41,
      "they": 3.19,
      "be": 3.12
    },
    "top_n": 30
  },
  "pos": {
    "tag_distribution": {
      "NOUN": 0.1894,
      "ADP": 0.1155,
      "PUNCT": 0.1094,
      "VERB": 0.0998,
      "DET": 0.0954,
      "ADJ": 0.0819,
      "PRON": 0.0738,
      "ADV": 0.0496,
      "AUX": 0.0491,
      "PROPN": 0.0463,
      "CCONJ": 0.0436,
      "SCONJ": 0.0198,
      "PART": 0.0174,
      "NUM": 0.0081,
      "X": 0.0005,
      "SYM": 0.0002,
      "INTJ": 0.0001
    },
    "adjective_noun_ratio": 0.3474,
    "adverb_density": 4.96,
    "verb_density": 14.89
  },
  "ngrams": {
    "word_bigrams": {
      "of the": 137,
      "in the": 50,
      "and the": 35,
      "it was": 32,
      "to the": 30,
      "on the": 29,
      "of a": 26,
      "my uncle": 25,
      "at the": 24,
      "from the": 23,
      "by the": 22,
      "that the": 17,
      "had been": 16,
      "was a": 16,
      "for the": 15,
      "he had": 15,
      "of his": 15,
      "with the": 14,
      "professor angell": 14,
      "which i": 13,
      "in his": 13,
      "to be": 13,
      "the cult": 13,
      "had come": 12,
      "in a": 12,
      "the stars": 12,
      "on a": 11,
      "bas relief": 11,
      "and a": 11,
      "when the": 11,
      "old ones": 11,
      "the alert": 11,
      "was not": 10,
      "the professor": 10,
      "the first": 10,
      "all the": 10,
      "the great": 10,
      "did not": 9,
      "one of": 9,
      "and i": 9,
      "was the": 9,
      "that it": 9,
      "have been": 9,
      "had told": 9,
      "the world": 8,
      "and of": 8,
      "the thing": 8,
      "and had": 8,
      "more than": 8,
      "i was": 8
    },
    "word_trigrams": {
      "of the cult": 8,
      "the ring of": 6,
      "one of the": 6,
      "when the stars": 6,
      "the bas relief": 5,
      "my uncle had": 5,
      "great old ones": 5,
      "the stars were": 5,
      "i did not": 4,
      "it was the": 4,
      "of what he": 4,
      "it was a": 4,
      "the great old": 4,
      "out of the": 4,
      "that it was": 4,
      "no more than": 4,
      "my uncle 's": 4,
      "the vice admiralty": 4,
      "and it was": 3,
      "when i think": 3,
      "i think of": 3,
      "of the thing": 3,
      "had come from": 3,
      "of the queer": 3,
      "and which i": 3,
      "bas relief and": 3,
      "of my uncle": 3,
      "of the whole": 3,
      "and my uncle": 3,
      "young wilcox 's": 3,
      "was of a": 3,
      "after the first": 3,
      "now and then": 3,
      "he spoke of": 3,
      "what he had": 3,
      "part of the": 3,
      "of the dreams": 3,
      "the dreams of": 3,
      "of young wilcox": 3,
      "as it was": 3,
      "of the old": 3,
      "the sculptor 's": 3,
      "known of the": 3,
      "man who had": 3,
      "had come to": 3,
      "of the men": 3,
      "city of r'lyeh": 3,
      "there was a": 3,
      "the cult in": 3,
      "again to the": 3
    },
    "char_trigrams": {
      " th": 1305,
      "the": 1044,
      "he ": 920,
      " an": 605,
      "nd ": 586,
      " of": 546,
      "and": 542,
      "of ": 537,
      "ed ": 531,
      "ing": 384,
      " in": 357,
      "ng ": 326,
      " to": 280,
      "at ": 265,
      "in ": 260,
      "as ": 254,
      " ha": 253,
      " wh": 248,
      " a ": 243,
      "d t": 242,
      "ly ": 238,
      "to ": 223,
      "en ": 221,
      " wa": 218,
      "e s": 218,
      ", a": 213,
      "er ": 210,
      "n t": 197,
      "ad ": 197,
      "f t": 193,
      "on ": 191,
      " re": 190,
      " co": 190,
      " be": 189,
      "e t": 187,
      "or ": 187,
      "ter": 187,
      "re ": 185,
      " he": 185,
      " hi": 183,
      "is ": 178,
      "d a": 178,
      "was": 174,
      " wi": 174,
      " no": 172,
      " on": 172,
      "s o": 168,
      "ere": 166,
      " ma": 166,
      "his": 165
    }
  },
  "punctuation": {
    "comma": 58.41,
    "period": 38.44,
    "semicolon": 7.69,
    "colon": 0.92,
    "dash": 3.18,
    "exclamation": 0.5,
    "question": 1.17,
    "ellipsis": 0.33,
    "parenthesis": 0.17,
    "quotation": 11.7
  },
  "contractions": {
    "total": 63,
    "rate_per_1000": 5.2,
    "top_contractions": {
      "wilcox's": 5,
      "uncle's": 4,
      "johansen's": 4,
      "man's": 3,
      "sculptor's": 3,
      "legrasse's": 3,
      "emma's": 3,
      "angell's": 2,
      "professor's": 2,
      "yacht's": 2,
      "mate's": 2,
      "transcriber's": 1,
      "deceased's": 1,
      "granduncle's": 1,
      "webb's": 1,
      "eliott's": 1,
      "frazer's": 1,
      "murray's": 1,
      "host's": 1,
      "youth's": 1
    }
  },
  "sentence_openers": {
    "top_words": {
      "the": 59,
      "it": 25,
      "he": 23,
      "i": 20,
      "but": 13,
      "they": 12,
      "there": 12,
      "what": 11,
      "this": 11,
      "then": 10,
      "*": 8,
      "\"": 7,
      "that": 7,
      "a": 7,
      "on": 7,
      "and": 6,
      "in": 6,
      "my": 5,
      "professor": 5,
      "when": 5
    },
    "pos_distribution": {
      "PRON": 0.286,
      "DET": 0.2082,
      "PROPN": 0.0938,
      "ADP": 0.0892,
      "ADV": 0.0755,
      "CCONJ": 0.0435,
      "NOUN": 0.0389,
      "SCONJ": 0.0389,
      "PUNCT": 0.0366,
      "ADJ": 0.0297,
      "NUM": 0.0229,
      "VERB": 0.0183,
      "AUX": 0.0137,
      "X": 0.0046
    },
    "conjunction_start_rate": 4.3
  },
  "paragraphs": {
    "count": 123,
    "mean_length": 97.2,
    "median_length": 91.0,
    "one_sentence_ratio": 0.203,
    "top_openers": {
      "the": 19,
      "*": 10,
      "it": 6,
      "in": 5,
      "that": 5,
      "on": 4,
      "this": 4,
      "these": 3,
      "i": 3,
      "and": 2,
      "_ph'nglui": 2,
      "only": 2,
      "he": 2,
      "three": 2,
      "johansen's": 2
    }
  },
  "dialogue": {
    "quoted_word_ratio": 0.194,
    "narration_word_ratio": 0.806,
    "top_attribution_verbs": {
      "fhtagn": 5,
      "call": 2,
      "make": 2,
      "say": 1,
      "have": 1,
      "mean": 1,
      "form": 1,
      "come": 1
    }
  },
  "syntax": {
    "mean_tree_depth": 6.65,
    "median_tree_depth": 6.0,
    "stdev_tree_depth": 2.69,
    "tense_distribution": {
      "Past": 0.63,
      "None": 0.21,
      "Pres": 0.16
    },
    "sentence_type_mix": {
      "declarative": 0.961,
      "interrogative": 0.027,