{
  "document_id": "bc21e5ac50acfdda",
  "document_title": "Du côté de chez Swann",
  "segment_id": null,
  "computed_at": "2026-04-12T14:53:44.664913",
  "word_count": 195237,
  "readability": {
    "flesch_reading_ease": 67.64555322646103,
    "flesch_kincaid_grade": 15.222371533374439,
    "gunning_fog": 18.293580777951018,
    "coleman_liau": 8.779011156758088,
    "ari": 18.637519406099564,
    "smog": 13.857109481986392
  },
  "sentences": {
    "count": 13623,
    "mean_length": 16.85,
    "median_length": 9.0,
    "stdev_length": 20.27,
    "skewness": 2.39,
    "min_length": 0,
    "max_length": 207,
    "length_distribution": [
      4290,
      2556,
      1613,
      1162,
      852,
      641,
      522,
      454,
      289,
      270,
      191,
      149,
      118,
      108,
      70,
      60,
      46,
      52,
      44,
      21,
      29,
      20,
      16,
      7,
      8,
      7,
      5,
      5,
      2,
      5,
      4,
      0,
      1,
      2,
      0,
      1,
      1,
      0,
      1,
      0,
      0,
      1,
      0
    ]
  },
  "vocabulary": {
    "total_tokens": 198465,
    "unique_types": 12886,
    "ttr": 0.0649,
    "hapax_legomena": 5635,
    "hapax_ratio": 0.4373,
    "yules_k": 91.55,
    "honores_r": 2167.81
  },
  "function_words": {
    "frequencies": {
      "a": 19.06,
      "on": 4.73,
      "me": 3.96,
      "de": 1.12,
      "des": 0.22,
      "la": 0.2,
      "du": 0.07,
      "son": 0.04,
      "pour": 0.02,
      "le": 0.02,
      "et": 0.01,
      "en": 0.0,
      "un": 0.0,
      "vous": 0.0,
      "les": 0.0,
      "au": 0.0,
      "une": 0.0,
      "se": 0.0,
      "par": 0.0
    },
    "top_n": 30
  },
  "pos": {
    "tag_distribution": {
      "NOUN": 0.187,
      "X": 0.167,
      "ADJ": 0.1368,
      "PUNCT": 0.1275,
      "VERB": 0.097,
      "PROPN": 0.0887,
      "PRON": 0.0474,
      "ADV": 0.0379,
      "ADP": 0.0378,
      "AUX": 0.0283,
      "DET": 0.0273,
      "CCONJ": 0.0109,
      "SCONJ": 0.0042,
      "NUM": 0.0018,
      "INTJ": 0.0001,
      "SYM": 0.0
    },
    "adjective_noun_ratio": 0.4964,
    "adverb_density": 3.79,
    "verb_density": 12.54
  },
  "ngrams": {
    "word_bigrams": {
      "of the": 1239,
      "in the": 1021,
      "he had": 517,
      "to the": 482,
      "it was": 467,
      "of a": 454,
      "to be": 396,
      "that he": 375,
      "she had": 366,
      "had been": 322,
      "at the": 322,
      "of her": 317,
      "by the": 302,
      "in a": 302,
      "on the": 299,
      "i had": 285,
      "that she": 282,
      "which he": 281,
      "he was": 271,
      "with the": 270,
      "from the": 270,
      "of his": 268,
      "he would": 257,
      "in which": 247,
      "with a": 243,
      "for the": 240,
      "she would": 231,
      "and the": 228,
      "the same": 220,
      "she was": 219,
      "which she": 218,
      "one of": 215,
      "all the": 213,
      "which i": 199,
      "that i": 196,
      "to him": 196,
      "i was": 191,
      "for a": 191,
      "would have": 191,
      "to her": 184,
      "to see": 183,
      "that the": 180,
      "in her": 178,
      "in his": 176,
      "was not": 175,
      "of my": 174,
      "when he": 170,
      "did not": 169,
      "that it": 169,
      "would be": 169
    },
    "word_trigrams": {
      "that he had": 91,
      "which he had": 90,
      "that it was": 85,
      "which she had": 69,
      "so as to": 68,
      "one of the": 64,
      "i don' t": 60,
      "that she had": 59,
      "that he was": 58,
      "one of those": 57,
      "for a moment": 54,
      "which i had": 49,
      "that she was": 49,
      "be able to": 46,
      "a sort of": 40,
      "in the world": 38,
      "that she would": 37,
      "that i was": 36,
      "that i had": 36,
      "when he had": 36,
      "she had been": 35,
      "he had been": 35,
      "the name of": 33,
      "as soon as": 33,
      "the first time": 33,
      "in which he": 33,
      "he would have": 33,
      "to be able": 33,
      "at the same": 33,
      "i should have": 32,
      "in front of": 32,
      "he did not": 32,
      "the rest of": 32,
      "did not know": 31,
      "that he would": 31,
      "it had been": 30,
      "in the same": 30,
      "i had been": 30,
      "it was a": 30,
      "it was the": 29,
      "i did not": 29,
      "would have been": 29,
      "no more than": 29,
      "the same time": 28,
      "my aunt' s": 28,
      "which he was": 27,
      "the course of": 27,
      "in which i": 27,
      "would not have": 27,
      "in order to": 27
    },
    "char_trigrams": {
      " th": 19359,
      "the": 14691,
      "he ": 14335,
      " to": 7491,
      " of": 7344,
      "of ": 7056,
      "to ": 7020,
      "ed ": 6510,
      "ing": 6426,
      " an": 6360,
      " in": 6078,
      " wh": 6018,
      " he": 5914,
      "nd ": 5593,
      "at ": 5542,
      "ng ": 5346,
      "and": 5324,
      "er ": 5286,
      "her": 5026,
      " ha": 4795,
      "in ": 4779,
      "as ": 4462,
      " a ": 4330,
      "hat": 4304,
      "tha": 4121,
      "e t": 3855,
      " be": 3750,
      "d t": 3504,
      "e w": 3467,
      ", a": 3374,
      "e, ": 3373,
      " wa": 3245,
      "n t": 3242,
      "re ": 3209,
      "ch ": 3188,
      " co": 3143,
      " hi": 3068,
      "en ": 3014,
      "whi": 2987,
      "e s": 2956,
      "ad ": 2933,
      " no": 2910,
      " it": 2895,
      "on ": 2857,
      "for": 2823,
      "e a": 2796,
      "had": 2763,
      "ld ": 2760,
      "ich": 2751,
      "hic": 2732
    }
  },
  "punctuation": {
    "comma": 94.56,
    "period": 24.79,
    "semicolon": 7.62,
    "colon": 2.0,
    "dash": 2.87,
    "exclamation": 2.4,
    "question": 1.95,
    "ellipsis": 0.3,
    "parenthesis": 3.08,
    "quotation": 27.77
  },
  "contractions": {
    "total": 50,
    "rate_per_1000": 0.3,
    "top_contractions": {
      "sha'n'": 8,
      "\"d'": 6,
      "maisond'": 4,
      "m.d'": 4,
      "quaid'": 3,
      "del'": 3,
      ",d'": 2,
      "\nd'": 2,
      "\nl'": 2,
      "princessed'": 1,
      "!d'": 1,
      "dumontd'": 1,
      "palaisd'": 1,
      "journald'": 1,
      "a'n'": 1,
      "-d'": 1,
      "àl'": 1,
      "nuitd'": 1,
      "ducd'": 1,
      "thed'": 1
    }
  },
  "sentence_openers": {
    "top_words": {
      "\"": 883,
      ",": 687,
      "and": 637,
      "the": 536,
      "which": 417,
      "but": 401,
      "i": 371,
      "he": 371,
      "it": 348,
      "in": 209,
      "for": 207,
      "to": 202,
      "would": 198,
      "of": 189,
      "him": 185,
      "she": 184,
      "her": 173,
      "was": 172,
      "-": 155,
      "a": 137
    },
    "pos_distribution": {
      "NOUN": 0.2441,
      "PROPN": 0.1565,
      "X": 0.1527,
      "PUNCT": 0.1351,
      "ADJ": 0.0613,
      "VERB": 0.0609,
      "PRON": 0.0527,
      "DET": 0.044,
      "ADV": 0.0351,
      "ADP": 0.0235,
      "AUX": 0.015,
      "CCONJ": 0.0134,
      "NUM": 0.0027,
      "SCONJ": 0.0024,
      "INTJ": 0.0006
    },
    "conjunction_start_rate": 1.3
  },
  "paragraphs": {
    "count": 1051,
    "mean_length": 185.7,
    "median_length": 97.0,
    "one_sentence_ratio": 0.04,
    "top_openers": {
      "i": 93,
      "but": 79,
      "and": 74,
      "the": 35,
      "oh,": 31,
      "my": 29,
      "he": 29,
      "it": 23,
      "she": 20,
      "you": 19,
      "as": 18,
      "no,": 18,
      "in": 18,
      "swann": 17,
      "what": 16
    }
  },
  "dialogue": {
    "quoted_word_ratio": 0.426,
    "narration_word_ratio": 0.574,
    "top_attribution_verbs": {
      "wer": 17,
      "himself": 14,
      "them": 12,
      "painter": 10,
      "had": 9,
      "earth": 7,
      "avoir": 7,
      "guard": 6,
      "well": 6,
      "all": 5,
      "heard": 5,
      "mother": 5,
      "child": 5,
      "after": 5,
      "friend": 5
    }
  },
  "syntax": {
    "mean_tree_depth": 2.89,
    "median_tree_depth": 3.0,
    "stdev_tree_depth": 2.02,