{
  "document_id": "81264bff9d771e86",
  "document_title": "Adventures of Huckleberry Finn",
  "segment_id": null,
  "computed_at": "2026-04-12T14:37:58.957684",
  "word_count": 111085,
  "readability": {
    "flesch_reading_ease": 83.88872110550213,
    "flesch_kincaid_grade": 6.306534439691294,
    "gunning_fog": 8.439975305955592,
    "coleman_liau": 5.089020525747209,
    "ari": 7.51296558208729,
    "smog": 7.461069156025271
  },
  "sentences": {
    "count": 5528,
    "mean_length": 25.46,
    "median_length": 19.0,
    "stdev_length": 23.07,
    "skewness": 3.4,
    "min_length": 1,
    "max_length": 314,
    "length_distribution": [
      266,
      887,
      808,
      811,
      663,
      472,
      395,
      263,
      204,
      173,
      136,
      87,
      74,
      49,
      38,
      40,
      26,
      33,
      15,
      6,
      15,
      12,
      6,
      4,
      3,
      6,
      3,
      5,
      2,
      1,
      5,
      3,
      1,
      3,
      1,
      0,
      1,
      1,
      0,
      2,
      0,
      0,
      1,
      0,
      2,
      1,
      0,
      0,
      0,
      1,
      0,
      0,
      0,
      0,
      0,
      1,
      0,
      0,
      0,
      0,
      0,
      0,
      2,
      0
    ]
  },
  "vocabulary": {
    "total_tokens": 116696,
    "unique_types": 6415,
    "ttr": 0.055,
    "hapax_legomena": 2890,
    "hapax_ratio": 0.4505,
    "yules_k": 106.02,
    "honores_r": 2123.29
  },
  "function_words": {
    "frequencies": {
      "and": 45.15,
      "the": 34.75,
      "i": 25.67,
      "a": 22.66,
      "to": 20.91,
      "it": 18.14,
      "was": 14.87,
      "he": 13.25,
      "of": 11.79,
      "you": 10.74,
      "in": 10.35,
      "that": 8.68,
      "but": 7.35,
      "we": 6.83,
      "so": 6.82,
      "on": 6.27,
      "up": 6.16,
      "for": 6.08,
      "all": 6.07,
      "they": 5.97,
      "out": 5.89,
      "me": 5.39,
      "him": 5.22,
      "do": 5.19,
      "there": 4.6,
      "then": 4.26,
      "no": 4.16,
      "would": 4.13,
      "his": 3.97,
      "she": 3.9
    },
    "top_n": 30
  },
  "pos": {
    "tag_distribution": {
      "PUNCT": 0.1606,
      "PRON": 0.1416,
      "VERB": 0.1322,
      "NOUN": 0.1237,
      "ADP": 0.0813,
      "DET": 0.0696,
      "ADV": 0.056,
      "CCONJ": 0.0556,
      "AUX": 0.0479,
      "ADJ": 0.0395,
      "PROPN": 0.0298,
      "PART": 0.0256,
      "SCONJ": 0.0191,
      "NUM": 0.0098,
      "INTJ": 0.0057,
      "X": 0.0021,
      "SYM": 0.0
    },
    "adjective_noun_ratio": 0.2571,
    "adverb_density": 5.6,
    "verb_density": 18.01
  },
  "ngrams": {
    "word_bigrams": {
      "in the": 441,
      "it was": 375,
      "did n’t": 342,
      "of the": 341,
      "do n’t": 336,
      "and the": 321,
      "ai n’t": 293,
      "i was": 291,
      "and i": 287,
      "and then": 250,
      "to the": 233,
      "on the": 231,
      "was a": 223,
      "it ’s": 217,
      "could n’t": 216,
      "but i": 205,
      "out of": 204,
      "he was": 204,
      "i could": 199,
      "so i": 176,
      "would n’t": 174,
      "and he": 166,
      "it and": 164,
      "i says": 163,
      "up and": 160,
      "in a": 159,
      "going to": 146,
      "i did": 142,
      "got to": 141,
      "to be": 140,
      "of a": 139,
      "a little": 136,
      "and so": 135,
      "the king": 135,
      "that ’s": 134,
      "and a": 132,
      "and says": 131,
      "all the": 129,
      "for the": 127,
      "there was": 125,
      "me and": 122,
      "he said": 120,
      "to get": 118,
      "the river": 118,
      "him and": 115,
      "to do": 115,
      "and by": 115,
      "he says": 114,
      "i ’ll": 114,
      "the duke": 111
    },
    "word_trigrams": {
      "i did n’t": 119,
      "i could n’t": 103,
      "by and by": 85,
      "i do n’t": 85,
      "ai n’t no": 67,
      "out of the": 62,
      "was going to": 53,
      "it ai n’t": 52,
      "there was a": 50,
      "it was a": 49,
      "all the time": 48,
      "there ai n’t": 48,
      "do n’t know": 46,
      "the old man": 45,
      "i would n’t": 43,
      "do n’t you": 42,
      "did n’t know": 38,
      "he did n’t": 38,
      "said it was": 38,
      "and then he": 37,
      "a couple of": 34,
      "i ai n’t": 34,
      "down the river": 34,
      "it ’s a": 34,
      "there warn’t no": 32,
      "it would n’t": 32,
      "a lot of": 32,
      "one of them": 31,
      "he said he": 31,
      "we did n’t": 30,
      "n’t want to": 30,
      "the river and": 29,
      "kind of a": 29,
      "and did n’t": 29,
      "it warn’t no": 29,
      "and by and": 28,
      "i says to": 27,
      "i got to": 27,
      "the middle of": 27,
      "and it was": 27,
      "you do n’t": 27,
      "and the duke": 27,
      "i never see": 26,
      "did n’t want": 26,
      "it was all": 26,
      "he would n’t": 25,
      "one of the": 25,
      "now and then": 25,
      "he was a": 25,
      "they did n’t": 24
    },
    "char_trigrams": {
      " th": 10099,
      "the": 8392,
      "nd ": 7180,
      "he ": 7053,
      "and": 6898,
      " an": 6816,
      " to": 4003,
      " wa": 3326,
      ", a": 3240,
      "ing": 3177,
      " i ": 2999,
      "to ": 2992,
      " a ": 2931,
      " he": 2892,
      "ng ": 2755,
      "ed ": 2645,
      "as ": 2576,
      "er ": 2564,
      " it": 2502,
      "ut ": 2373,
      "d t": 2361,
      "was": 2132,
      "her": 2080,
      "n’t": 2076,
      "at ": 2016,
      " of": 1964,
      "’t ": 1948,
      "e t": 1947,
      "e w": 1923,
      "t t": 1879,
      " do": 1822,
      "you": 1820,
      "it ": 1796,
      "en ": 1776,
      "hat": 1769,
      " sa": 1757,
      " so": 1754,
      "ll ": 1743,
      " yo": 1737,
      " in": 1712,
      "n t": 1677,
      " be": 1674,
      "of ": 1642,
      " co": 1626,
      "in ": 1621,
      " we": 1548,
      " wh": 1534,
      " go": 1531,
      "t a": 1517,
      " hi": 1483
    }
  },
  "punctuation": {
    "comma": 72.78,
    "period": 45.98,
    "semicolon": 14.1,
    "colon": 3.86,
    "dash": 0.0,
    "exclamation": 4.72,
    "question": 6.63,
    "ellipsis": 0.41,
    "parenthesis": 0.36,
    "quotation": 29.36
  },
  "contractions": {
    "total": 0,
    "rate_per_1000": 0.0,
    "top_contractions": {}
  },
  "sentence_openers": {
    "top_words": {
      "i": 811,
      "“": 445,
      "he": 286,
      "and": 254,
      "the": 248,
      "but": 243,
      "so": 238,
      "it": 211,
      "we": 174,
      "then": 166,
      "well": 153,
      "you": 133,
      "they": 125,
      "there": 86,
      "when": 83,
      "she": 81,
      "jim": 74,
      "why": 71,
      "that": 68,
      "chapter": 63
    },
    "pos_distribution": {
      "PRON": 0.3869,
      "ADV": 0.1069,
      "PUNCT": 0.0919,
      "CCONJ": 0.0906,
      "PROPN": 0.0709,
      "DET": 0.0664,
      "SCONJ": 0.047,
      "INTJ": 0.038,
      "VERB": 0.0311,
      "ADP": 0.0223,
      "AUX": 0.0174,
      "NOUN": 0.0148,
      "ADJ": 0.0071,
      "NUM": 0.0058,
      "PART": 0.0014,
      "X": 0.0014
    },
    "conjunction_start_rate": 9.1
  },
  "paragraphs": {
    "count": 2059,
    "mean_length": 53.7,
    "median_length": 27.0,
    "one_sentence_ratio": 0.326,
    "top_openers": {
      "“well,": 149,
      "i": 131,
      "“i": 78,
      "“why,": 75,
      "so": 71,
      "the": 64,
      "well,": 53,
      "“oh,": 47,
      "chapter": 43,
      "he": 43,
      "then": 41,
      "we": 35,
      "“no,": 34,
      "it": 34,
      "when": 32
    }
  },
  "dialogue": {
    "quoted_word_ratio": 0.428,
    "narration_word_ratio": 0.572,
    "top_attribution_verbs": {
      "say": 700,
      "do": 145,
      "’": 122,
      "get": 84,
      "know": 71,
      "go": 67,
      "ai": 52,
      "come": 47,
      "’s": 46,
      "reckon": 46,
      "want": 44,
      "tell": 40,
      "think": 40,
      "see": 38,
      "have": 28
    }
  },
  "syntax": {
    "mean_tree_depth": 4.52,
    "median_tree_depth": 4.0,