{
  "document_id": "2f396f78c0418e09",
  "document_title": "The Importance of Being Earnest",
  "segment_id": null,
  "computed_at": "2026-04-12T14:42:08.819397",
  "word_count": 20714,
  "readability": {
    "flesch_reading_ease": 74.86434021389097,
    "flesch_kincaid_grade": 5.387211800324025,
    "gunning_fog": 7.626086906952311,
    "coleman_liau": 6.62569029941282,
    "ari": 5.4817933363268665,
    "smog": 8.993269138397608
  },
  "sentences": {
    "count": 2592,
    "mean_length": 10.18,
    "median_length": 9.0,
    "stdev_length": 7.67,
    "skewness": 1.9,
    "min_length": 1,
    "max_length": 61,
    "length_distribution": [
      594,
      871,
      615,
      252,
      121,
      68,
      27,
      20,
      8,
      11,
      3,
      0,
      2,
      0
    ]
  },
  "vocabulary": {
    "total_tokens": 21052,
    "unique_types": 2602,
    "ttr": 0.1236,
    "hapax_legomena": 1244,
    "hapax_ratio": 0.4781,
    "yules_k": 80.74,
    "honores_r": 1907.38
  },
  "function_words": {
    "frequencies": {
      "i": 31.46,
      "the": 23.24,
      "to": 22.52,
      "you": 20.81,
      "is": 16.26,
      "a": 15.73,
      "of": 14.9,
      "that": 12.36,
      "in": 11.67,
      "and": 10.92,
      "it": 10.76,
      "have": 8.11,
      "my": 7.05,
      "be": 5.99,
      "not": 5.95,
      "do": 5.88,
      "at": 5.84,
      "are": 5.61,
      "me": 5.61,
      "for": 5.42,
      "one": 4.62,
      "but": 4.32,
      "with": 4.02,
      "as": 3.87,
      "on": 3.75,
      "what": 3.71,
      "very": 3.6,
      "he": 3.56,
      "was": 3.53,
      "all": 3.49
    },
    "top_n": 30
  },
  "pos": {
    "tag_distribution": {
      "PUNCT": 0.1895,
      "PRON": 0.1229,
      "NOUN": 0.1125,
      "VERB": 0.0955,
      "PROPN": 0.0847,
      "ADP": 0.0711,
      "AUX": 0.0697,
      "ADV": 0.0599,
      "DET": 0.0539,
      "ADJ": 0.0529,
      "PART": 0.0255,
      "SCONJ": 0.0171,
      "CCONJ": 0.0168,
      "X": 0.0122,
      "INTJ": 0.0083,
      "NUM": 0.0076,
      "SYM": 0.0
    },
    "adjective_noun_ratio": 0.2684,
    "adverb_density": 5.99,
    "verb_density": 16.52
  },
  "ngrams": {
    "word_bigrams": {
      "lady bracknell": 122,
      "i am": 107,
      "it is": 90,
      "i have": 88,
      "miss prism": 81,
      "do n’t": 77,
      "in the": 72,
      "to be": 71,
      "of the": 70,
      "i do": 61,
      "you are": 56,
      "mr. worthing": 49,
      "that is": 49,
      "that i": 47,
      "algernon i": 41,
      "to me": 40,
      "you have": 39,
      "but i": 36,
      "cecily i": 36,
      "is a": 33,
      "i think": 32,
      "at all": 31,
      "at the": 30,
      "jack i": 29,
      "of course": 28,
      "is the": 26,
      "my dear": 26,
      "if you": 25,
      "there is": 24,
      "aunt augusta": 23,
      "that you": 23,
      "i was": 22,
      "to the": 22,
      "do you": 22,
      "she is": 22,
      "to say": 22,
      "seems to": 22,
      "i had": 22,
      "on the": 21,
      "a very": 21,
      "and i": 21,
      "you will": 21,
      "have a": 21,
      "me to": 21,
      "miss fairfax": 21,
      "jack oh": 20,
      "gwendolen i": 20,
      "have been": 20,
      "you to": 20,
      "uncle jack": 20
    },
    "word_trigrams": {
      "i do n’t": 48,
      "do n’t think": 16,
      "lady bracknell i": 15,
      "in the country": 13,
      "seems to me": 13,
      "i am afraid": 12,
      "you are not": 12,
      "my dear fellow": 11,
      "one of the": 11,
      "the name of": 11,
      "to be married": 11,
      "it is a": 10,
      "do n’t know": 10,
      "i think it": 10,
      "mr. ernest worthing": 9,
      "may i ask": 9,
      "algernon it is": 9,
      "cecily i do": 9,
      "that i have": 9,
      "you do n’t": 9,
      "i am not": 9,
      "to me to": 9,
      "me to be": 9,
      "mr. worthing i": 9,
      "lady bracknell lady": 9,
      "i do not": 9,
      "engaged to be": 9,
      "lane yes sir": 8,
      "it is not": 8,
      "what on earth": 8,
      "that is all": 8,
      "bread and butter": 8,
      "do you mean": 8,
      "aunt augusta lady": 8,
      "augusta lady bracknell": 8,
      "of any kind": 8,
      "bracknell lady bracknell": 8,
      "i have a": 8,
      "you lady bracknell": 8,
      "that i am": 7,
      "it is very": 7,
      "i have no": 7,
      "there is no": 7,
      "it is n’t": 7,
      "to have a": 7,
      "in my life": 7,
      "be able to": 7,
      "i have n’t": 7,
      "i hope you": 7,
      "algernon i am": 7
    },
    "char_trigrams": {
      " th": 1403,
      "the": 959,
      " i ": 786,
      "he ": 752,
      " yo": 726,
      "you": 726,
      " to": 653,
      "to ": 606,
      "at ": 574,
      "ing": 547,
      "is ": 535,
      " al": 482,
      " in": 480,
      " an": 470,
      " ha": 467,
      "er ": 456,
      "ack": 455,
      "n. ": 454,
      "ou ": 451,
      "hat": 450,
      " of": 433,
      " is": 428,
      ". i": 423,
      " a ": 407,
      "ly ": 404,
      "ng ": 397,
      "of ": 394,
      "and": 390,
      "ern": 389,
      "nd ": 389,
      "her": 372,
      "tha": 370,
      "re ": 369,
      " be": 367,
      "t i": 366,
      "e. ": 360,
      "ed ": 338,
      " no": 331,
      "in ": 328,
      "ve ": 317,
      ".] ": 314,
      "thi": 310,
      "ger": 301,
      "alg": 293,
      "non": 291,
      "ver": 291,
      "jac": 291,
      "on.": 289,
      " it": 289,
      "rno": 287
    }
  },
  "punctuation": {
    "comma": 58.66,
    "period": 139.86,
    "semicolon": 1.45,
    "colon": 0.63,
    "dash": 0.0,
    "exclamation": 11.34,
    "question": 13.03,
    "ellipsis": 0.0,
    "parenthesis": 0.0,
    "quotation": 0.0
  },
  "contractions": {
    "total": 0,
    "rate_per_1000": 0.0,
    "top_contractions": {}
  },
  "sentence_openers": {
    "top_words": {
      "i": 356,
      "[": 319,
      "cecily": 110,
      "it": 100,
      "jack": 94,
      "you": 91,
      "the": 71,
      "but": 64,
      "yes": 62,
      "oh": 59,
      "that": 49,
      "well": 47,
      "miss": 46,
      "what": 44,
      "my": 44,
      "and": 42,
      "lady": 40,
      "algernon": 30,
      "he": 28,
      "in": 27
    },
    "pos_distribution": {
      "PRON": 0.3248,
      "PROPN": 0.1655,
      "X": 0.1231,
      "INTJ": 0.0775,
      "ADV": 0.0552,
      "DET": 0.0498,
      "CCONJ": 0.0421,
      "SCONJ": 0.0312,
      "ADP": 0.0285,
      "AUX": 0.0243,
      "NOUN": 0.0216,
      "VERB": 0.0201,
      "PUNCT": 0.0147,
      "ADJ": 0.0123,
      "PART": 0.0054,
      "NUM": 0.0039
    },
    "conjunction_start_rate": 4.2
  },
  "paragraphs": {
    "count": 889,
    "mean_length": 23.1,
    "median_length": 16.0,
    "one_sentence_ratio": 0.033,
    "top_openers": {
      "jack.": 198,
      "algernon.": 195,
      "cecily.": 149,
      "gwendolen.": 99,
      "lady": 84,
      "chasuble.": 42,
      "miss": 40,
      "lane.": 17,
      "merriman.": 16,
      "[enter": 15,
      "the": 3,
      "act": 3,
      "john": 2,
      "morning-room": 2,
      "[lane": 2
    }
  },
  "dialogue": {
    "quoted_word_ratio": 0.0,
    "narration_word_ratio": 1.0,
    "top_attribution_verbs": {}
  },
  "syntax": {
    "mean_tree_depth": 3.03,
    "median_tree_depth": 3.0,
    "stdev_tree_depth": 1.74,
    "tense_distribution": {
      "Pres": 0.482,
      "None": 0.337,
      "Past": 0.181
    },
    "sentence_type_mix": {
      "declarative": 0.898,
      "interrogative": 0.037,
      "exclamatory": 0.066
    }
  }
}