{
  "document_id": "07f3007a3b633c26",
  "document_title": "White Fang",
  "segment_id": null,
  "computed_at": "2026-04-12T14:43:50.055475",
  "word_count": 72179,
  "readability": {
    "flesch_reading_ease": 77.97468431510379,
    "flesch_kincaid_grade": 6.2208880676349025,
    "gunning_fog": 8.558098054848152,
    "coleman_liau": 7.3317240231829395,
    "ari": 7.444546531916796,
    "smog": 8.956924278158311
  },
  "sentences": {
    "count": 4674,
    "mean_length": 18.33,
    "median_length": 16.0,
    "stdev_length": 11.43,
    "skewness": 1.57,
    "min_length": 2,
    "max_length": 106,
    "length_distribution": [
      108,
      994,
      991,
      827,
      651,
      430,
      263,
      160,
      106,
      64,
      30,
      17,
      13,
      4,
      4,
      4,
      3,
      1,
      2,
      0,
      1,
      1,
      0
    ]
  },
  "vocabulary": {
    "total_tokens": 73759,
    "unique_types": 6557,
    "ttr": 0.0889,
    "hapax_legomena": 2943,
    "hapax_ratio": 0.4488,
    "yules_k": 123.48,
    "honores_r": 2033.61
  },
  "function_words": {
    "frequencies": {
      "the": 60.42,
      "and": 35.06,
      "he": 26.22,
      "of": 25.49,
      "to": 20.54,
      "was": 20.23,
      "his": 18.5,
      "a": 17.19,
      "in": 14.17,
      "him": 11.51,
      "it": 10.92,
      "that": 10.19,
      "had": 9.57,
      "with": 7.48,
      "but": 6.35,
      "at": 5.86,
      "on": 5.59,
      "for": 5.25,
      "not": 5.14,
      "as": 4.52,
      "were": 4.42,
      "they": 4.32,
      "by": 3.87,
      "all": 3.71,
      "her": 3.59,
      "from": 3.52,
      "this": 3.42,
      "there": 3.3,
      "when": 3.27,
      "one": 3.24
    },
    "top_n": 30
  },
  "pos": {
    "tag_distribution": {
      "NOUN": 0.1616,
      "PUNCT": 0.1386,
      "VERB": 0.1193,
      "PRON": 0.1102,
      "ADP": 0.1043,
      "DET": 0.091,
      "ADJ": 0.0505,
      "AUX": 0.0478,
      "ADV": 0.0478,
      "CCONJ": 0.0438,
      "PROPN": 0.0377,
      "PART": 0.0221,
      "SCONJ": 0.0188,
      "NUM": 0.0058,
      "INTJ": 0.0005,
      "X": 0.0002
    },
    "adjective_noun_ratio": 0.2532,
    "adverb_density": 4.78,
    "verb_density": 16.71
  },
  "ngrams": {
    "word_bigrams": {
      "of the": 640,
      "white fang": 601,
      "in the": 441,
      "it was": 321,
      "he was": 300,
      "he had": 298,
      "to the": 236,
      "of his": 225,
      "and the": 209,
      "at the": 184,
      "on the": 159,
      "was a": 158,
      "and he": 141,
      "did not": 141,
      "there was": 136,
      "was the": 127,
      "from the": 125,
      "with the": 119,
      "grey beaver": 119,
      "him and": 117,
      "in his": 112,
      "had been": 106,
      "that he": 105,
      "to him": 99,
      "into the": 99,
      "the master": 96,
      "by the": 96,
      "of a": 96,
      "with a": 91,
      "the dogs": 90,
      "to be": 89,
      "the other": 88,
      "in a": 83,
      "beauty smith": 83,
      "that was": 82,
      "out of": 81,
      "when he": 80,
      "as he": 77,
      "for the": 76,
      "he did": 76,
      "fang ’s": 75,
      "upon him": 72,
      "on his": 71,
      "was not": 71,
      "all the": 70,
      "of him": 69,
      "he could": 69,
      "they were": 69,
      "the man": 68,
      "him he": 67
    },
    "word_trigrams": {
      "white fang ’s": 75,
      "the she wolf": 62,
      "white fang was": 60,
      "he did not": 59,
      "it was the": 46,
      "it was a": 42,
      "there was no": 40,
      "and white fang": 39,
      "there was a": 35,
      "the dog musher": 29,
      "did not know": 29,
      "the master ’s": 28,
      "at the same": 28,
      "white fang had": 27,
      "the end of": 27,
      "of the gods": 26,
      "out of the": 26,
      "he could not": 26,
      "it was not": 24,
      "but white fang": 23,
      "but it was": 23,
      "of the pack": 23,
      "that he was": 22,
      "in the air": 22,
      "grey beaver ’s": 22,
      "white fang and": 21,
      "of white fang": 21,
      "he was a": 21,
      "the same time": 21,
      "he had been": 21,
      "the man animals": 21,
      "to white fang": 20,
      "that it was": 19,
      "and it was": 19,
      "of the wild": 19,
      "one of the": 18,
      "in the snow": 18,
      "the love master": 16,
      "at the end": 16,
      "that white fang": 16,
      "and in the": 16,
      "white fang knew": 16,
      "he had learned": 15,
      "when he had": 15,
      "at white fang": 15,
      "it was his": 15,
      "for a moment": 15,
      "of the fire": 15,
      "and he was": 15,
      "and at the": 14
    },
    "char_trigrams": {
      " th": 8406,
      "he ": 7587,
      "the": 7084,
      "ed ": 3526,
      " an": 3516,
      "nd ": 3432,
      "and": 3326,
      " he": 2956,
      " hi": 2777,
      "ng ": 2653,
      "ing": 2578,
      " of": 2289,
      " wa": 2198,
      "of ": 2191,
      " to": 2135,
      "as ": 2105,
      "to ": 1974,
      "is ": 1924,
      "his": 1896,
      " in": 1845,
      "er ": 1759,
      "was": 1745,
      "at ": 1644,
      "d t": 1638,
      " wh": 1536,
      " a ": 1433,
      " ha": 1403,
      "e w": 1399,
      "in ": 1382,
      "her": 1319,
      " be": 1314,
      "n t": 1288,
      "e t": 1280,
      "e f": 1258,
      "re ": 1255,
      "e s": 1214,
      ", a": 1203,
      "him": 1155,
      "ere": 1150,
      "en ": 1126,
      " it": 1071,
      " no": 1060,
      "t t": 1052,
      "hat": 1037,
      "on ": 1026,
      "e h": 1026,
      "d a": 1007,
      "tha": 999,
      " fa": 990,
      "ut ": 970
    }
  },
  "punctuation": {
    "comma": 65.2,
    "period": 64.46,
    "semicolon": 3.13,
    "colon": 0.26,
    "dash": 0.0,
    "exclamation": 1.27,
    "question": 0.86,
    "ellipsis": 0.0,
    "parenthesis": 0.25,
    "quotation": 13.24
  },
  "contractions": {
    "total": 0,
    "rate_per_1000": 0.0,
    "top_contractions": {}
  },
  "sentence_openers": {
    "top_words": {
      "he": 692,
      "the": 470,
      "“": 376,
      "but": 256,
      "it": 231,
      "and": 155,
      "white": 149,
      "there": 118,
      "in": 117,
      "his": 117,
      "they": 114,
      "then": 103,
      "she": 75,
      "this": 74,
      "a": 67,
      "at": 66,
      "one": 52,
      "as": 51,
      "when": 51,
      "so": 41
    },
    "pos_distribution": {
      "PRON": 0.3273,
      "DET": 0.138,
      "CCONJ": 0.0937,
      "ADV": 0.0875,
      "PROPN": 0.0862,
      "PUNCT": 0.0817,
      "ADP": 0.0811,
      "SCONJ": 0.0351,
      "NOUN": 0.0178,
      "VERB": 0.0154,
      "NUM": 0.0135,
      "ADJ": 0.0081,
      "PART": 0.0075,
      "AUX": 0.006,
      "INTJ": 0.0009,
      "X": 0.0002
    },
    "conjunction_start_rate": 9.4
  },
  "paragraphs": {
    "count": 1074,
    "mean_length": 67.2,
    "median_length": 61.0,
    "one_sentence_ratio": 0.223,
    "top_openers": {
      "the": 101,
      "but": 73,
      "he": 64,
      "white": 45,
      "in": 31,
      "it": 28,
      "chapter": 24,
      "and": 23,
      "“i": 21,
      "henry": 18,
      "“you": 18,
      "there": 18,
      "a": 17,
      "one": 17,
      "weedon": 14
    }
  },
  "dialogue": {
    "quoted_word_ratio": 0.071,
    "narration_word_ratio": 0.929,
    "top_attribution_verbs": {
      "say": 87,
      "’": 43,
      "get": 40,
      "go": 40,
      "answer": 27,
      "look": 22,
      "know": 21,
      "come": 20,
      "have": 20,
      "announce": 19,
      "do": 19,
      "see": 16,
      "think": 16,
      "call": 15,
      "ask": 15
    }
  },
  "syntax": {
    "mean_tree_depth": 4.56,
    "median_tree_depth": 4.0,
    "stdev_tree_depth": 2.1,
    "tense_distribution": {
      "Past": 0.666,
      "None": 0.19,
      "Pres": 0.144
    },
    "sentence_type_mix": {
      "declarative": 0.991,
      "exclamatory": 0.005,
      "interrogative": 0.003
    }
  }
}