{
  "document_id": "68f9a91b64b42ade",
  "document_title": "A Tale of Two Cities",
  "segment_id": null,
  "computed_at": "2026-04-12T14:38:26.628389",
  "word_count": 135886,
  "readability": {
    "flesch_reading_ease": 72.30849327598843,
    "flesch_kincaid_grade": 7.737347419318279,
    "gunning_fog": 9.905529434247661,
    "coleman_liau": 7.566955190484602,
    "ari": 9.163860390657533,
    "smog": 9.823111412036738
  },
  "sentences": {
    "count": 6677,
    "mean_length": 25.23,
    "median_length": 21.0,
    "stdev_length": 19.69,
    "skewness": 2.0,
    "min_length": 1,
    "max_length": 258,
    "length_distribution": [
      388,
      1029,
      898,
      838,
      810,
      612,
      488,
      350,
      323,
      230,
      185,
      143,
      91,
      76,
      49,
      36,
      40,
      22,
      18,
      12,
      9,
      2,
      7,
      6,
      1,
      1,
      2,
      3,
      0,
      0,
      1,
      0,
      1,
      2,
      1,
      0,
      0,
      0,
      0,
      1,
      1,
      0,
      0,
      0,
      0,
      0,
      0,
      0,
      0,
      0,
      0,
      1,
      0
    ]
  },
  "vocabulary": {
    "total_tokens": 138350,
    "unique_types": 9839,
    "ttr": 0.0711,
    "hapax_legomena": 4352,
    "hapax_ratio": 0.4423,
    "yules_k": 96.17,
    "honores_r": 2122.65
  },
  "function_words": {
    "frequencies": {
      "the": 47.78,
      "and": 29.63,
      "of": 23.83,
      "to": 21.19,
      "a": 17.51,
      "in": 15.43,
      "it": 12.23,
      "his": 11.93,
      "i": 11.69,
      "that": 11.51,
      "he": 11.01,
      "was": 10.53,
      "you": 8.44,
      "with": 7.78,
      "had": 7.77,
      "as": 6.9,
      "her": 6.2,
      "at": 6.14,
      "him": 5.78,
      "for": 5.69,
      "on": 5.5,
      "not": 5.3,
      "is": 4.87,
      "be": 4.55,
      "have": 4.41,
      "were": 3.92,
      "said": 3.92,
      "but": 3.91,
      "my": 3.89,
      "so": 3.51
    },
    "top_n": 30
  },
  "pos": {
    "tag_distribution": {
      "PUNCT": 0.1778,
      "NOUN": 0.1421,
      "PRON": 0.1123,
      "VERB": 0.1061,
      "ADP": 0.1017,
      "DET": 0.0819,
      "ADJ": 0.055,
      "AUX": 0.0528,
      "ADV": 0.0434,
      "PROPN": 0.0378,
      "CCONJ": 0.0362,
      "SCONJ": 0.0235,
      "PART": 0.0201,
      "NUM": 0.0067,
      "INTJ": 0.0024,
      "X": 0.0001
    },
    "adjective_noun_ratio": 0.3059,
    "adverb_density": 4.34,
    "verb_density": 15.88
  },
  "ngrams": {
    "word_bigrams": {
      "of the": 927,
      "in the": 724,
      "to the": 409,
      "mr. lorry": 341,
      "and the": 334,
      "on the": 329,
      "it was": 323,
      "at the": 292,
      "to be": 286,
      "he had": 280,
      "in a": 245,
      "in his": 244,
      "it is": 231,
      "with a": 224,
      "of his": 217,
      "i am": 209,
      "i have": 207,
      "of a": 204,
      "had been": 198,
      "with the": 197,
      "he was": 191,
      "that he": 183,
      "was a": 165,
      "by the": 159,
      "from the": 159,
      "miss pross": 156,
      "for the": 155,
      "out of": 149,
      "as he": 148,
      "that i": 135,
      "into the": 133,
      "have been": 133,
      "do n’t": 132,
      "there was": 130,
      "that the": 127,
      "with his": 125,
      "as if": 121,
      "said the": 117,
      "to him": 113,
      "was the": 113,
      "and a": 113,
      "said mr.": 111,
      "madame defarge": 110,
      "the doctor": 110,
      "to his": 105,
      "you are": 102,
      "as the": 100,
      "mr. cruncher": 99,
      "all the": 99,
      "was not": 98
    },
    "word_trigrams": {
      "said mr. lorry": 72,
      "out of the": 51,
      "i do n’t": 49,
      "there was a": 46,
      "it was a": 43,
      "mender of roads": 43,
      "said miss pross": 42,
      "the wine shop": 39,
      "it was the": 38,
      "one of the": 36,
      "the mender of": 33,
      "it is a": 31,
      "he had been": 30,
      "that he had": 30,
      "that he was": 30,
      "mr. lorry ’s": 29,
      "monsieur the marquis": 29,
      "the doctor ’s": 28,
      "do n’t know": 27,
      "i am not": 26,
      "that it was": 26,
      "i have been": 26,
      "and it was": 25,
      "as if he": 25,
      "would have been": 25,
      "if he had": 25,
      "it was not": 24,
      "and in the": 24,
      "there was no": 23,
      "it had been": 23,
      "the young lady": 22,
      "it would be": 21,
      "said madame defarge": 20,
      "said mr. cruncher": 20,
      "a long time": 20,
      "there is no": 19,
      "the light of": 19,
      "when he had": 19,
      "you are a": 19,
      "if it had": 18,
      "up and down": 18,
      "have been a": 18,
      "said the spy": 17,
      "i am a": 17,
      "as if it": 17,
      "a man of": 17,
      "of the night": 17,
      "of the republic": 16,
      "what do you": 16,
      "it in the": 16
    },
    "char_trigrams": {
      " th": 13931,
      "the": 11480,
      "he ": 10299,
      " an": 5904,
      "and": 5811,
      "nd ": 5767,
      "ed ": 4847,
      "ing": 4252,
      " to": 4214,
      " of": 4195,
      "of ": 3993,
      " he": 3832,
      "ng ": 3780,
      "to ": 3775,
      "er ": 3613,
      " in": 3545,
      "at ": 3499,
      ", a": 3418,
      " hi": 3382,
      "is ": 3299,
      "her": 3262,
      " ha": 3136,
      "as ": 3005,
      " a ": 2883,
      "in ": 2872,
      "d t": 2651,
      "his": 2628,
      " be": 2524,
      " wa": 2444,
      "re ": 2437,
      "hat": 2409,
      " wi": 2320,
      "e t": 2253,
      "n t": 2248,
      " it": 2216,
      "tha": 2212,
      "ere": 2186,
      "e, ": 2140,
      " wh": 2111,
      "on ": 2056,
      "you": 1978,
      "e s": 1951,
      "en ": 1931,
      " no": 1928,
      " co": 1902,
      "e w": 1811,
      "was": 1798,
      " yo": 1792,
      "s, ": 1768,
      "t t": 1765
    }
  },
  "punctuation": {
    "comma": 96.6,
    "period": 48.56,
    "semicolon": 8.15,
    "colon": 1.82,
    "dash": 5.33,
    "exclamation": 7.02,
    "question": 6.72,
    "ellipsis": 0.0,
    "parenthesis": 1.93,
    "quotation": 41.65
  },
  "contractions": {
    "total": 0,
    "rate_per_1000": 0.0,
    "top_contractions": {}
  },
  "sentence_openers": {
    "top_words": {
      "“": 1502,
      "the": 534,
      "he": 373,
      "i": 354,
      "it": 235,
      "but": 146,
      "there": 107,
      "she": 107,
      "you": 106,
      "a": 104,
      "and": 99,
      "as": 95,
      "in": 91,
      "they": 89,
      "mr.": 88,
      "that": 74,
      "if": 67,
      "his": 65,
      "when": 64,
      "what": 59
    },
    "pos_distribution": {
      "PRON": 0.2678,
      "PUNCT": 0.2302,
      "DET": 0.1155,
      "PROPN": 0.0628,
      "ADV": 0.0553,
      "ADP": 0.0551,
      "SCONJ": 0.0485,
      "VERB": 0.0482,
      "CCONJ": 0.0394,
      "AUX": 0.0201,
      "ADJ": 0.0168,
      "NOUN": 0.0148,
      "INTJ": 0.0129,
      "NUM": 0.0067,
      "PART": 0.0058,
      "X": 0.0001
    },
    "conjunction_start_rate": 3.9
  },
  "paragraphs": {
    "count": 3066,
    "mean_length": 44.1,
    "median_length": 28.0,
    "one_sentence_ratio": 0.362,
    "top_openers": {
      "“i": 276,
      "the": 219,
      "he": 107,
      "“you": 101,
      "“it": 63,
      "mr.": 62,
      "it": 58,
      "“what": 42,
      "“the": 42,
      "chapter": 41,
      "“and": 38,
      "“my": 36,
      "a": 34,
      "“if": 34,
      "as": 32
    }
  },
  "dialogue": {
    "quoted_word_ratio": 0.508,
    "narration_word_ratio": 0.492,
    "top_attribution_verbs": {
      "say": 969,
      "do": 144,
      "know": 138,
      "go": 117,
      "have": 110,
      "think": 107,
      "see": 104,
      "ask": 102,
      "return": 94,
      "come": 70,
      "cry": 69,
      "look": 61,
      "answer": 59,
      "’": 57,
      "be": 54
    }
  },
  "syntax": {
    "mean_tree_depth": 4.87,
    "median_tree_depth": 5.0,
    "stdev_tree_depth": 2.56,
    "tense_distribution": {
      "Past": 0.506,